Food_Item,Category,Calories (kcal),Protein (g),Carbohydrates (g),Fat (g),Fiber (g),Sugars (g),Sodium (mg),Cholesterol (mg),Meal_Type,Water_Intake (ml),Description,Food_Item_Clean,Protein_Density,Sugar_Density,Carb_Fat_Ratio,Sodium_Density,Fiber_Carb_Ratio,Cholesterol_Density
Scrambled Eggs (2 large),Protein/Dairy,180,12.0,2.0,14.0,0.0,1.0,180,370,Breakfast,250,2 large,Scrambled Eggs,0.06629834254143646,0.0055248618784530384,0.13333333333333333,0.994475138121547,0.0,2.044198895027624
Whole Wheat Toast (1 slice),Grain,80,4.0,14.0,1.0,2.0,2.0,140,0,Breakfast,0,1 slice,Whole Wheat Toast,0.04938271604938271,0.024691358024691357,7.0,1.728395061728395,0.13333333333333333,0.0
Coffee (black),Beverage,5,0.3,0.0,0.1,0.0,0.0,5,0,Breakfast,0,black,Coffee,0.049999999999999996,0.0,0.0,0.8333333333333334,0.0,0.0
Banana,Fruit,105,1.3,27.0,0.4,3.1,14.0,1,0,Breakfast,0,,Banana,0.012264150943396227,0.1320754716981132,19.28571428571429,0.009433962264150943,0.11071428571428572,0.0
Grilled Chicken Salad,Meal/Protein,350,30.0,10.0,20.0,5.0,4.0,400,80,Lunch,500,,Grilled Chicken Salad,0.08547008547008547,0.011396011396011397,0.47619047619047616,1.1396011396011396,0.45454545454545453,0.22792022792022792
Salmon (4oz grilled),Protein/Fish,230,25.0,0.0,14.0,0.0,0.0,60,60,Dinner,250,4oz grilled,Salmon,0.10822510822510822,0.0,0.0,0.2597402597402597,0.0,0.2597402597402597
Quinoa (1 cup cooked),Grain,222,8.0,39.0,3.6,5.0,1.0,13,0,Dinner,0,1 cup cooked,Quinoa,0.03587443946188341,0.004484304932735426,8.478260869565219,0.05829596412556054,0.125,0.0
Steamed Broccoli (1 cup),Vegetable,55,3.7,11.2,0.6,5.1,2.0,40,0,Dinner,0,1 cup,Steamed Broccoli,0.06607142857142857,0.03571428571428571,6.999999999999999,0.7142857142857143,0.4180327868852459,0.0
Oatmeal (1 cup cooked),Grain,160,6.0,28.0,3.0,4.0,1.0,2,0,Breakfast,250,1 cup cooked,Oatmeal,0.037267080745341616,0.006211180124223602,7.0,0.012422360248447204,0.13793103448275862,0.0
Blueberries (1/2 cup),Fruit,42,0.5,11.0,0.2,1.8,7.0,1,0,Breakfast,0,1/2 cup,Blueberries,0.011627906976744186,0.16279069767441862,9.166666666666668,0.023255813953488372,0.15,0.0
Turkey Sandwich (on wheat),Meal/Processed,340,22.0,34.0,12.0,5.0,6.0,850,50,Lunch,500,on wheat,Turkey Sandwich,0.06451612903225806,0.017595307917888565,2.6153846153846154,2.4926686217008798,0.14285714285714285,0.1466275659824047
Spaghetti Bolognese,Meal/Pasta,460,20.0,55.0,18.0,6.0,10.0,700,50,Dinner,250,,Spaghetti Bolognese,0.04338394793926247,0.021691973969631236,2.8947368421052633,1.5184381778741864,0.10714285714285714,0.10845986984815618
Side Salad (light dressing),Vegetable,70,2.0,8.0,4.0,3.0,3.0,150,0,Dinner,0,light dressing,Side Salad,0.028169014084507043,0.04225352112676056,1.6,2.112676056338028,0.3333333333333333,0.0
Cereal (Frosted Flakes 1 cup),Grain/Processed,130,2.0,31.0,0.0,1.0,11.0,190,0,Breakfast,0,Frosted Flakes 1 cup,Cereal,0.015267175572519083,0.08396946564885496,31.0,1.450381679389313,0.03125,0.0
"Milk (2%, 1 cup)",Dairy,122,8.0,12.0,5.0,0.0,12.0,100,20,Breakfast,0,"2%, 1 cup",Milk,0.06504065040650407,0.0975609756097561,2.0,0.8130081300813008,0.0,0.16260162601626016
Lentil Soup (1 can),Meal/Legume,230,15.0,35.0,3.0,12.0,6.0,650,0,Lunch,250,1 can,Lentil Soup,0.06493506493506493,0.025974025974025976,8.75,2.813852813852814,0.3333333333333333,0.0
White Rice (1 cup cooked),Grain,204,4.2,44.5,0.4,0.6,0.1,2,0,Dinner,0,1 cup cooked,White Rice,0.02048780487804878,0.00048780487804878054,31.78571428571429,0.00975609756097561,0.013186813186813187,0.0
Tofu Stir-fry,Meal/Vegetarian,400,18.0,30.0,22.0,7.0,9.0,500,0,Dinner,250,,Tofu Stir-fry,0.04488778054862843,0.022443890274314215,1.3043478260869565,1.2468827930174564,0.22580645161290322,0.0
Bagel (plain),Grain,270,11.0,55.0,1.5,2.0,5.0,430,0,Breakfast,250,plain,Bagel,0.04059040590405904,0.01845018450184502,22.0,1.5867158671586716,0.03571428571428571,0.0
Cream Cheese (2 tbsp),Dairy,100,2.0,2.0,10.0,0.0,1.0,90,30,Breakfast,0,2 tbsp,Cream Cheese,0.019801980198019802,0.009900990099009901,0.18181818181818182,0.8910891089108911,0.0,0.297029702970297
Tuna Salad (1/2 cup),Meal/Fish,190,19.0,2.0,12.0,1.0,1.0,400,30,Lunch,500,1/2 cup,Tuna Salad,0.09947643979057591,0.005235602094240838,0.15384615384615385,2.094240837696335,0.3333333333333333,0.15706806282722513
Crackers (5 whole wheat),Grain/Processed,90,2.0,14.0,3.0,2.0,0.0,180,0,Lunch,0,5 whole wheat,Crackers,0.02197802197802198,0.0,3.5,1.978021978021978,0.13333333333333333,0.0
Beef Steak (6oz sirloin),Protein/Meat,270,42.0,0.0,10.0,0.0,0.0,90,115,Dinner,250,6oz sirloin,Beef Steak,0.15498154981549817,0.0,0.0,0.33210332103321033,0.0,0.42435424354243545
Baked Potato (medium),Vegetable,160,4.3,36.0,0.2,3.8,1.0,17,0,Dinner,0,medium,Baked Potato,0.02670807453416149,0.006211180124223602,30.0,0.10559006211180125,0.1027027027027027,0.0
Pizza (1 slice pepperoni),Meal/Processed,290,12.0,34.0,12.0,2.0,4.0,720,35,Dinner,250,1 slice pepperoni,Pizza,0.041237113402061855,0.013745704467353952,2.6153846153846154,2.4742268041237114,0.05714285714285714,0.12027491408934708
Avocado Toast (1 slice),Meal/Vegetarian,260,7.0,28.0,15.0,10.0,1.0,350,0,Breakfast,500,1 slice,Avocado Toast,0.02681992337164751,0.0038314176245210726,1.75,1.3409961685823755,0.3448275862068966,0.0
Chicken Wrap (with tortilla),Meal/Processed,410,25.0,38.0,17.0,5.0,3.0,780,60,Lunch,250,with tortilla,Chicken Wrap,0.06082725060827251,0.0072992700729927005,2.111111111111111,1.897810218978102,0.1282051282051282,0.145985401459854
Burger (cheeseburger),Meal/Processed,550,30.0,40.0,30.0,3.0,7.0,1100,90,Dinner,500,cheeseburger,Burger,0.0544464609800363,0.012704174228675136,1.2903225806451613,1.9963702359346642,0.07317073170731707,0.16333938294010888
French Fries (medium),Vegetable/Processed,340,4.0,44.0,17.0,4.0,0.3,230,0,Dinner,0,medium,French Fries,0.011730205278592375,0.0008797653958944282,2.4444444444444446,0.6744868035190615,0.08888888888888889,0.0
Black Beans (1/2 cup),Legume,114,7.6,20.4,0.5,7.5,0.3,1,0,Lunch,0,1/2 cup,Black Beans,0.06608695652173913,0.002608695652173913,13.6,0.008695652173913044,0.3504672897196262,0.0
Salsa (1/4 cup),Vegetable,20,0.8,4.5,0.1,1.0,3.0,250,0,Lunch,0,1/4 cup,Salsa,0.0380952380952381,0.14285714285714285,4.090909090909091,11.904761904761905,0.18181818181818182,0.0
Chicken Noodle Soup (1 can),Meal/Processed,150,7.0,18.0,5.0,2.0,2.0,890,15,Lunch,250,1 can,Chicken Noodle Soup,0.046357615894039736,0.013245033112582781,3.0,5.894039735099338,0.10526315789473684,0.09933774834437085
Cod (4oz baked),Protein/Fish,95,20.0,0.0,0.8,0.0,0.0,95,55,Dinner,250,4oz baked,Cod,0.20833333333333334,0.0,0.0,0.9895833333333334,0.0,0.5729166666666666
Green Beans (1 cup),Vegetable,31,1.8,7.0,0.2,2.7,3.3,6,0,Dinner,0,1 cup,Green Beans,0.05625,0.103125,5.833333333333334,0.1875,0.3375,0.0
Shrimp (3oz steamed),Protein/Fish,84,20.0,0.2,0.2,0.0,0.0,100,161,Dinner,250,3oz steamed,Shrimp,0.23529411764705882,0.0,0.16666666666666669,1.1764705882352942,0.0,1.8941176470588235
Pancakes (2 medium),Grain,180,5.0,30.0,5.0,1.0,6.0,450,25,Breakfast,0,2 medium,Pancakes,0.027624309392265192,0.03314917127071823,5.0,2.4861878453038675,0.03225806451612903,0.13812154696132597
Maple Syrup (2 tbsp),Condiment,104,0.0,27.0,0.0,0.0,24.0,2,0,Breakfast,0,2 tbsp,Maple Syrup,0.0,0.22857142857142856,27.0,0.01904761904761905,0.0,0.0
Sausage Link (1 cooked),Protein/Meat,85,5.0,1.0,7.0,0.0,0.5,300,20,Breakfast,0,1 cooked,Sausage Link,0.05813953488372093,0.005813953488372093,0.125,3.488372093023256,0.0,0.23255813953488372
Smoothie (Fruit & Yogurt),Beverage/Meal,280,12.0,55.0,3.0,7.0,40.0,70,5,Breakfast,250,Fruit & Yogurt,Smoothie,0.042704626334519574,0.1423487544483986,13.75,0.2491103202846975,0.125,0.017793594306049824
Tofu (4oz firm),Protein/Vegetarian,90,10.0,3.0,5.0,2.0,1.0,10,0,Lunch,0,4oz firm,Tofu,0.10989010989010989,0.01098901098901099,0.5,0.10989010989010989,0.5,0.0
Brown Rice (1 cup cooked),Grain,215,5.0,45.0,1.8,3.5,0.4,10,0,Lunch,0,1 cup cooked,Brown Rice,0.023148148148148147,0.001851851851851852,16.071428571428573,0.046296296296296294,0.07608695652173914,0.0
Bell Pepper (1 medium red),Vegetable,31,1.2,6.0,0.3,2.1,4.2,4,0,Lunch,0,1 medium red,Bell Pepper,0.0375,0.13125,4.615384615384615,0.125,0.3,0.0
Pork Chop (4oz grilled),Protein/Meat,220,30.0,0.0,10.0,0.0,0.0,70,85,Dinner,250,4oz grilled,Pork Chop,0.13574660633484162,0.0,0.0,0.3167420814479638,0.0,0.38461538461538464
Mashed Potatoes (1 cup),Vegetable,230,4.0,35.0,8.0,3.0,2.0,350,15,Dinner,0,1 cup,Mashed Potatoes,0.017316017316017316,0.008658008658008658,3.888888888888889,1.5151515151515151,0.08333333333333333,0.06493506493506493
Corn (1 cup),Vegetable,132,4.7,30.0,1.8,3.6,8.9,2,0,Dinner,0,1 cup,Corn,0.035338345864661655,0.06691729323308271,10.714285714285715,0.015037593984962405,0.11612903225806452,0.0
Caesar Salad (with chicken),Meal/Protein,470,30.0,15.0,30.0,3.0,3.0,890,75,Lunch,250,with chicken,Caesar Salad,0.06369426751592357,0.006369426751592357,0.4838709677419355,1.8895966029723992,0.1875,0.1592356687898089
Orange Juice (1 cup),Beverage,112,1.7,25.8,0.5,0.7,20.8,2,0,Breakfast,240,1 cup,Orange Juice,0.01504424778761062,0.184070796460177,17.2,0.017699115044247787,0.026119402985074626,0.0
Bacon (2 slices cooked),Protein/Meat,86,6.0,0.2,6.8,0.0,0.1,330,18,Breakfast,0,2 slices cooked,Bacon,0.06896551724137931,0.0011494252873563218,0.025641025641025644,3.793103448275862,0.0,0.20689655172413793
Waffles (2 homemade),Grain,220,6.0,28.0,9.0,1.5,3.0,420,45,Breakfast,0,2 homemade,Waffles,0.027149321266968326,0.013574660633484163,2.8,1.9004524886877827,0.05172413793103448,0.20361990950226244
Chicken Breast (4oz roasted),Protein/Meat,185,35.0,0.0,4.0,0.0,0.0,80,95,Lunch,500,4oz roasted,Chicken Breast,0.1881720430107527,0.0,0.0,0.43010752688172044,0.0,0.510752688172043
Tilapia (4oz baked),Protein/Fish,110,22.0,0.0,2.5,0.0,0.0,50,50,Dinner,0,4oz baked,Tilapia,0.1981981981981982,0.0,0.0,0.45045045045045046,0.0,0.45045045045045046
Asparagus (1 cup steamed),Vegetable,40,4.3,7.4,0.4,3.6,3.5,4,0,Dinner,0,1 cup steamed,Asparagus,0.1048780487804878,0.08536585365853659,5.2857142857142865,0.0975609756097561,0.42857142857142855,0.0
Sweet Potato (1 medium baked),Vegetable,103,2.3,23.6,0.2,3.8,7.4,41,0,Dinner,0,1 medium baked,Sweet Potato,0.022115384615384613,0.07115384615384615,19.666666666666668,0.3942307692307692,0.15447154471544713,0.0
Macaroni & Cheese (1 cup),Meal/Pasta,350,10.0,40.0,17.0,2.0,5.0,750,40,Lunch,250,1 cup,Macaroni & Cheese,0.02849002849002849,0.014245014245014245,2.2222222222222223,2.1367521367521367,0.04878048780487805,0.11396011396011396
Tomato Soup (1 can),Meal/Vegetable,170,4.0,25.0,6.0,4.0,15.0,900,10,Lunch,0,1 can,Tomato Soup,0.023391812865497075,0.08771929824561403,3.5714285714285716,5.2631578947368425,0.15384615384615385,0.05847953216374269
Grilled Cheese Sandwich,Meal/Processed,390,15.0,32.0,22.0,3.0,4.0,800,60,Lunch,0,,Grilled Cheese Sandwich,0.03836317135549872,0.010230179028132993,1.391304347826087,2.0460358056265986,0.09090909090909091,0.1534526854219949
Beef Tacos (2 hard shell),Meal/Meat,380,18.0,28.0,22.0,5.0,3.0,600,50,Dinner,500,2 hard shell,Beef Tacos,0.047244094488188976,0.007874015748031496,1.2173913043478262,1.5748031496062993,0.1724137931034483,0.13123359580052493
Refried Beans (1/2 cup),Legume,115,7.0,19.0,1.0,6.0,1.0,480,0,Dinner,0,1/2 cup,Refried Beans,0.0603448275862069,0.008620689655172414,9.5,4.137931034482759,0.3,0.0
Guacamole (1/4 cup),Vegetable/Condiment,90,1.0,4.0,8.0,3.0,0.5,120,0,Dinner,0,1/4 cup,Guacamole,0.01098901098901099,0.005494505494505495,0.4444444444444444,1.3186813186813187,0.6,0.0
English Muffin (whole wheat),Grain,134,6.0,26.0,1.0,4.4,1.0,210,0,Breakfast,250,whole wheat,English Muffin,0.044444444444444446,0.007407407407407408,13.0,1.5555555555555556,0.16296296296296298,0.0
Peanut Butter & Jelly Sandwich,Meal/Processed,390,12.0,50.0,17.0,5.0,20.0,450,0,Lunch,250,,Peanut Butter & Jelly Sandwich,0.030690537084398978,0.05115089514066496,2.7777777777777777,1.1508951406649617,0.09803921568627451,0.0
Clam Chowder (1 cup),Meal/Seafood,200,10.0,18.0,9.0,1.0,2.0,870,30,Lunch,0,1 cup,Clam Chowder,0.04975124378109453,0.009950248756218905,1.8,4.3283582089552235,0.05263157894736842,0.14925373134328357
Lasagna (1 serving meat),Meal/Pasta,350,20.0,30.0,17.0,4.0,7.0,850,55,Dinner,250,1 serving meat,Lasagna,0.05698005698005698,0.019943019943019943,1.6666666666666667,2.421652421652422,0.12903225806451613,0.15669515669515668
Garlic Bread (1 slice),Grain,150,4.0,18.0,7.0,1.0,1.0,310,0,Dinner,0,1 slice,Garlic Bread,0.026490066225165563,0.006622516556291391,2.25,2.052980132450331,0.05263157894736842,0.0
White Bread (1 slice),Grain,70,2.0,13.0,1.0,0.6,1.2,140,0,Breakfast,0,1 slice,White Bread,0.028169014084507043,0.016901408450704224,6.5,1.971830985915493,0.04285714285714286,0.0
Jelly (1 tbsp grape),Condiment,50,0.0,13.0,0.0,0.1,12.0,5,0,Breakfast,0,1 tbsp grape,Jelly,0.0,0.23529411764705882,13.0,0.09803921568627451,0.0071428571428571435,0.0
Veggie Burger (1 patty),Protein/Vegetarian,120,11.0,10.0,4.0,5.0,1.0,350,0,Lunch,250,1 patty,Veggie Burger,0.09090909090909091,0.008264462809917356,2.0,2.8925619834710745,0.45454545454545453,0.0
Bun (hamburger),Grain,140,4.0,26.0,2.0,1.0,4.0,260,0,Lunch,0,hamburger,Bun,0.028368794326241134,0.028368794326241134,8.666666666666666,1.8439716312056738,0.037037037037037035,0.0
Ketchup (1 tbsp),Condiment,20,0.2,5.0,0.1,0.2,4.0,160,0,Lunch,0,1 tbsp,Ketchup,0.009523809523809525,0.19047619047619047,4.545454545454545,7.619047619047619,0.03333333333333333,0.0
Muffin (Blueberry 1 large),Grain/Dessert,380,5.0,55.0,16.0,2.0,30.0,350,50,Breakfast,250,Blueberry 1 large,Muffin,0.013123359580052493,0.07874015748031496,3.235294117647059,0.9186351706036745,0.03571428571428571,0.13123359580052493
Coffee (with cream/sugar),Beverage,50,0.5,5.0,3.0,0.0,4.5,10,10,Breakfast,250,with cream/sugar,Coffee,0.00980392156862745,0.08823529411764706,1.25,0.19607843137254902,0.0,0.19607843137254902
Tzatziki Sauce (2 tbsp),Condiment/Dairy,30,1.5,2.0,2.0,0.0,1.5,100,5,Dinner,0,2 tbsp,Tzatziki Sauce,0.04838709677419355,0.04838709677419355,0.6666666666666666,3.225806451612903,0.0,0.16129032258064516
Pancakes (2 medium),Grain,180,5.0,30.0,5.0,1.0,6.0,450,25,Breakfast,0,2 medium,Pancakes,0.027624309392265192,0.03314917127071823,5.0,2.4861878453038675,0.03225806451612903,0.13812154696132597
Maple Syrup (2 tbsp),Condiment,104,0.0,27.0,0.0,0.0,24.0,2,0,Breakfast,0,2 tbsp,Maple Syrup,0.0,0.22857142857142856,27.0,0.01904761904761905,0.0,0.0
Sausage Link (1 cooked),Protein/Meat,85,5.0,1.0,7.0,0.0,0.5,300,20,Breakfast,0,1 cooked,Sausage Link,0.05813953488372093,0.005813953488372093,0.125,3.488372093023256,0.0,0.23255813953488372
Smoothie (Fruit & Yogurt),Beverage/Meal,280,12.0,55.0,3.0,7.0,40.0,70,5,Breakfast,250,Fruit & Yogurt,Smoothie,0.042704626334519574,0.1423487544483986,13.75,0.2491103202846975,0.125,0.017793594306049824
Tofu (4oz firm),Protein/Vegetarian,90,10.0,3.0,5.0,2.0,1.0,10,0,Lunch,0,4oz firm,Tofu,0.10989010989010989,0.01098901098901099,0.5,0.10989010989010989,0.5,0.0
Brown Rice (1 cup cooked),Grain,215,5.0,45.0,1.8,3.5,0.4,10,0,Lunch,0,1 cup cooked,Brown Rice,0.023148148148148147,0.001851851851851852,16.071428571428573,0.046296296296296294,0.07608695652173914,0.0
Bell Pepper (1 medium red),Vegetable,31,1.2,6.0,0.3,2.1,4.2,4,0,Lunch,0,1 medium red,Bell Pepper,0.0375,0.13125,4.615384615384615,0.125,0.3,0.0
Pork Chop (4oz grilled),Protein/Meat,220,30.0,0.0,10.0,0.0,0.0,70,85,Dinner,250,4oz grilled,Pork Chop,0.13574660633484162,0.0,0.0,0.3167420814479638,0.0,0.38461538461538464
Mashed Potatoes (1 cup),Vegetable,230,4.0,35.0,8.0,3.0,2.0,350,15,Dinner,0,1 cup,Mashed Potatoes,0.017316017316017316,0.008658008658008658,3.888888888888889,1.5151515151515151,0.08333333333333333,0.06493506493506493
Corn (1 cup),Vegetable,132,4.7,30.0,1.8,3.6,8.9,2,0,Dinner,0,1 cup,Corn,0.035338345864661655,0.06691729323308271,10.714285714285715,0.015037593984962405,0.11612903225806452,0.0
Caesar Salad (with chicken),Meal/Protein,470,30.0,15.0,30.0,3.0,3.0,890,75,Lunch,250,with chicken,Caesar Salad,0.06369426751592357,0.006369426751592357,0.4838709677419355,1.8895966029723992,0.1875,0.1592356687898089
Orange Juice (1 cup),Beverage,112,1.7,25.8,0.5,0.7,20.8,2,0,Breakfast,240,1 cup,Orange Juice,0.01504424778761062,0.184070796460177,17.2,0.017699115044247787,0.026119402985074626,0.0
Bacon (2 slices cooked),Protein/Meat,86,6.0,0.2,6.8,0.0,0.1,330,18,Breakfast,0,2 slices cooked,Bacon,0.06896551724137931,0.0011494252873563218,0.025641025641025644,3.793103448275862,0.0,0.20689655172413793
Waffles (2 homemade),Grain,220,6.0,28.0,9.0,1.5,3.0,420,45,Breakfast,0,2 homemade,Waffles,0.027149321266968326,0.013574660633484163,2.8,1.9004524886877827,0.05172413793103448,0.20361990950226244
Chicken Breast (4oz roasted),Protein/Meat,185,35.0,0.0,4.0,0.0,0.0,80,95,Lunch,500,4oz roasted,Chicken Breast,0.1881720430107527,0.0,0.0,0.43010752688172044,0.0,0.510752688172043
Tilapia (4oz baked),Protein/Fish,110,22.0,0.0,2.5,0.0,0.0,50,50,Dinner,0,4oz baked,Tilapia,0.1981981981981982,0.0,0.0,0.45045045045045046,0.0,0.45045045045045046
Asparagus (1 cup steamed),Vegetable,40,4.3,7.4,0.4,3.6,3.5,4,0,Dinner,0,1 cup steamed,Asparagus,0.1048780487804878,0.08536585365853659,5.2857142857142865,0.0975609756097561,0.42857142857142855,0.0
Sweet Potato (1 medium baked),Vegetable,103,2.3,23.6,0.2,3.8,7.4,41,0,Dinner,0,1 medium baked,Sweet Potato,0.022115384615384613,0.07115384615384615,19.666666666666668,0.3942307692307692,0.15447154471544713,0.0
Macaroni & Cheese (1 cup),Meal/Pasta,350,10.0,40.0,17.0,2.0,5.0,750,40,Lunch,250,1 cup,Macaroni & Cheese,0.02849002849002849,0.014245014245014245,2.2222222222222223,2.1367521367521367,0.04878048780487805,0.11396011396011396
Tomato Soup (1 can),Meal/Vegetable,170,4.0,25.0,6.0,4.0,15.0,900,10,Lunch,0,1 can,Tomato Soup,0.023391812865497075,0.08771929824561403,3.5714285714285716,5.2631578947368425,0.15384615384615385,0.05847953216374269
Grilled Cheese Sandwich,Meal/Processed,390,15.0,32.0,22.0,3.0,4.0,800,60,Lunch,0,,Grilled Cheese Sandwich,0.03836317135549872,0.010230179028132993,1.391304347826087,2.0460358056265986,0.09090909090909091,0.1534526854219949
Beef Tacos (2 hard shell),Meal/Meat,380,18.0,28.0,22.0,5.0,3.0,600,50,Dinner,500,2 hard shell,Beef Tacos,0.047244094488188976,0.007874015748031496,1.2173913043478262,1.5748031496062993,0.1724137931034483,0.13123359580052493
Refried Beans (1/2 cup),Legume,115,7.0,19.0,1.0,6.0,1.0,480,0,Dinner,0,1/2 cup,Refried Beans,0.0603448275862069,0.008620689655172414,9.5,4.137931034482759,0.3,0.0
Guacamole (1/4 cup),Vegetable/Condiment,90,1.0,4.0,8.0,3.0,0.5,120,0,Dinner,0,1/4 cup,Guacamole,0.01098901098901099,0.005494505494505495,0.4444444444444444,1.3186813186813187,0.6,0.0
English Muffin (whole wheat),Grain,134,6.0,26.0,1.0,4.4,1.0,210,0,Breakfast,250,whole wheat,English Muffin,0.044444444444444446,0.007407407407407408,13.0,1.5555555555555556,0.16296296296296298,0.0
Peanut Butter & Jelly Sandwich,Meal/Processed,390,12.0,50.0,17.0,5.0,20.0,450,0,Lunch,250,,Peanut Butter & Jelly Sandwich,0.030690537084398978,0.05115089514066496,2.7777777777777777,1.1508951406649617,0.09803921568627451,0.0
Clam Chowder (1 cup),Meal/Seafood,200,10.0,18.0,9.0,1.0,2.0,870,30,Lunch,0,1 cup,Clam Chowder,0.04975124378109453,0.009950248756218905,1.8,4.3283582089552235,0.05263157894736842,0.14925373134328357
Lasagna (1 serving meat),Meal/Pasta,350,20.0,30.0,17.0,4.0,7.0,850,55,Dinner,250,1 serving meat,Lasagna,0.05698005698005698,0.019943019943019943,1.6666666666666667,2.421652421652422,0.12903225806451613,0.15669515669515668
Garlic Bread (1 slice),Grain,150,4.0,18.0,7.0,1.0,1.0,310,0,Dinner,0,1 slice,Garlic Bread,0.026490066225165563,0.006622516556291391,2.25,2.052980132450331,0.05263157894736842,0.0
White Bread (1 slice),Grain,70,2.0,13.0,1.0,0.6,1.2,140,0,Breakfast,0,1 slice,White Bread,0.028169014084507043,0.016901408450704224,6.5,1.971830985915493,0.04285714285714286,0.0
Jelly (1 tbsp grape),Condiment,50,0.0,13.0,0.0,0.1,12.0,5,0,Breakfast,0,1 tbsp grape,Jelly,0.0,0.23529411764705882,13.0,0.09803921568627451,0.0071428571428571435,0.0
Veggie Burger (1 patty),Protein/Vegetarian,120,11.0,10.0,4.0,5.0,1.0,350,0,Lunch,250,1 patty,Veggie Burger,0.09090909090909091,0.008264462809917356,2.0,2.8925619834710745,0.45454545454545453,0.0
Bun (hamburger),Grain,140,4.0,26.0,2.0,1.0,4.0,260,0,Lunch,0,hamburger,Bun,0.028368794326241134,0.028368794326241134,8.666666666666666,1.8439716312056738,0.037037037037037035,0.0
Ketchup (1 tbsp),Condiment,20,0.2,5.0,0.1,0.2,4.0,160,0,Lunch,0,1 tbsp,Ketchup,0.009523809523809525,0.19047619047619047,4.545454545454545,7.619047619047619,0.03333333333333333,0.0
Muffin (Blueberry 1 large),Grain/Dessert,380,5.0,55.0,16.0,2.0,30.0,350,50,Breakfast,250,Blueberry 1 large,Muffin,0.013123359580052493,0.07874015748031496,3.235294117647059,0.9186351706036745,0.03571428571428571,0.13123359580052493
Coffee (with cream/sugar),Beverage,50,0.5,5.0,3.0,0.0,4.5,10,10,Breakfast,250,with cream/sugar,Coffee,0.00980392156862745,0.08823529411764706,1.25,0.19607843137254902,0.0,0.19607843137254902
Tzatziki Sauce (2 tbsp),Condiment/Dairy,30,1.5,2.0,2.0,0.0,1.5,100,5,Dinner,0,2 tbsp,Tzatziki Sauce,0.04838709677419355,0.04838709677419355,0.6666666666666666,3.225806451612903,0.0,0.16129032258064516
Scallops (3oz seared),Protein/Seafood,95,17.0,5.0,1.0,0.0,0.0,180,35,Dinner,0,3oz seared,Scallops,0.17708333333333334,0.0,2.5,1.875,0.0,0.3645833333333333
Risotto (Mushroom 1 cup),Meal/Grain,250,7.0,35.0,9.0,3.0,3.0,600,20,Dinner,0,Mushroom 1 cup,Risotto,0.027888446215139442,0.01195219123505976,3.5,2.3904382470119523,0.08333333333333333,0.0796812749003984
Caprese Salad,Meal/Vegetable,240,10.0,8.0,18.0,2.0,5.0,350,40,Lunch,250,,Caprese Salad,0.04149377593360996,0.02074688796680498,0.42105263157894735,1.4522821576763485,0.2222222222222222,0.16597510373443983
Balsamic Vinaigrette (2 tbsp),Condiment,90,0.0,3.0,9.0,0.0,2.5,300,0,Lunch,0,2 tbsp,Balsamic Vinaigrette,0.0,0.027472527472527472,0.3,3.2967032967032965,0.0,0.0
Turkey Bacon (2 slices),Protein/Meat,70,6.0,1.0,5.0,0.0,0.5,360,30,Breakfast,0,2 slices,Turkey Bacon,0.08450704225352113,0.007042253521126761,0.16666666666666666,5.070422535211268,0.0,0.4225352112676056
Grits (1 cup cooked),Grain,150,3.0,32.0,1.0,2.0,0.5,320,0,Breakfast,0,1 cup cooked,Grits,0.019867549668874173,0.0033112582781456954,16.0,2.119205298013245,0.06060606060606061,0.0
Butter (1 tbsp),Condiment/Dairy,100,0.1,0.0,11.0,0.0,0.0,82,30,Breakfast,0,1 tbsp,Butter,0.0009900990099009901,0.0,0.0,0.8118811881188119,0.0,0.297029702970297
Meatball Sub (6 inch),Meal/Processed,580,28.0,55.0,27.0,6.0,10.0,1200,70,Lunch,500,6 inch,Meatball Sub,0.04819277108433735,0.01721170395869191,1.9642857142857142,2.0654044750430294,0.10714285714285714,0.12048192771084337
Lobster (3oz steamed),Protein/Seafood,76,16.0,0.0,0.7,0.0,0.0,250,125,Dinner,250,3oz steamed,Lobster,0.2077922077922078,0.0,0.0,3.2467532467532467,0.0,1.6233766233766234
Melted Butter (for lobster),Condiment,200,0.2,0.0,22.0,0.0,0.0,164,60,Dinner,0,for lobster,Melted Butter,0.0009950248756218907,0.0,0.0,0.8159203980099502,0.0,0.29850746268656714
Corn on the Cob (1 large),Vegetable,125,5.0,29.0,1.5,3.0,5.0,2,0,Dinner,0,1 large,Corn on the Cob,0.03968253968253968,0.03968253968253968,11.6,0.015873015873015872,0.1,0.0
Vegetable Soup (1 can),Meal/Vegetable,140,4.0,22.0,4.0,6.0,8.0,780,5,Lunch,250,1 can,Vegetable Soup,0.028368794326241134,0.05673758865248227,4.4,5.531914893617022,0.2608695652173913,0.03546099290780142
Saltine Crackers (5 crackers),Grain/Processed,60,1.0,10.0,1.5,0.5,0.0,140,0,Lunch,0,5 crackers,Saltine Crackers,0.01639344262295082,0.0,4.0,2.2950819672131146,0.045454545454545456,0.0
Pad Thai (Chicken 1.5 cups),Meal/Pasta,550,25.0,60.0,22.0,5.0,10.0,950,70,Dinner,500,Chicken 1.5 cups,Pad Thai,0.045372050816696916,0.018148820326678767,2.608695652173913,1.7241379310344827,0.08196721311475409,0.12704174228675136
Spring Roll (Veg 2 rolls),Snack/Processed,180,4.0,25.0,7.0,3.0,3.0,450,0,Dinner,0,Veg 2 rolls,Spring Roll,0.022099447513812154,0.016574585635359115,3.125,2.4861878453038675,0.11538461538461539,0.0
Sashimi (Salmon 3 pcs),Protein/Fish,120,18.0,0.0,5.0,0.0,0.0,45,40,Lunch,0,Salmon 3 pcs,Sashimi,0.1487603305785124,0.0,0.0,0.371900826446281,0.0,0.3305785123966942
Wasabi (1 tsp),Condiment,10,0.1,2.2,0.1,0.3,1.0,40,0,Lunch,0,1 tsp,Wasabi,0.009090909090909092,0.09090909090909091,2.0,3.6363636363636362,0.09374999999999999,0.0
Seaweed Salad (1/2 cup),Vegetable,60,2.0,8.0,3.0,2.0,4.0,350,0,Lunch,0,1/2 cup,Seaweed Salad,0.03278688524590164,0.06557377049180328,2.0,5.737704918032787,0.2222222222222222,0.0
French Onion Soup (1 cup),Meal,150,6.0,15.0,7.0,2.0,5.0,800,20,Lunch,250,1 cup,French Onion Soup,0.039735099337748346,0.033112582781456956,1.875,5.298013245033113,0.125,0.13245033112582782
Croutons (1/4 cup),Grain,50,1.5,7.0,2.0,0.5,0.5,140,0,Lunch,0,1/4 cup,Croutons,0.029411764705882353,0.00980392156862745,2.3333333333333335,2.7450980392156863,0.0625,0.0
Shepherd's Pie (1 serving),Meal/Meat,400,20.0,35.0,20.0,6.0,7.0,850,55,Dinner,250,1 serving,Shepherd's Pie,0.04987531172069826,0.017456359102244388,1.6666666666666667,2.119700748129676,0.16666666666666666,0.1371571072319202
Green Peas (1/2 cup),Legume,62,4.1,11.1,0.2,4.4,4.2,2,0,Dinner,0,1/2 cup,Green Peas,0.06507936507936507,0.06666666666666667,9.25,0.031746031746031744,0.3636363636363637,0.0
Red Wine (5 oz glass),Beverage,125,0.1,3.8,0.0,0.0,0.9,6,0,Dinner,0,5 oz glass,Red Wine,0.0007936507936507937,0.007142857142857143,3.8,0.047619047619047616,0.0,0.0
Halibut (4oz baked),Protein/Fish,125,24.0,0.0,2.5,0.0,0.0,60,40,Dinner,250,4oz baked,Halibut,0.19047619047619047,0.0,0.0,0.47619047619047616,0.0,0.31746031746031744
Quinoa Salad (1 cup),Meal/Vegetarian,260,9.0,32.0,12.0,6.0,4.0,300,0,Lunch,250,1 cup,Quinoa Salad,0.034482758620689655,0.01532567049808429,2.4615384615384617,1.1494252873563218,0.18181818181818182,0.0
Oat Milk (1 cup),Beverage/Dairy-Alt,120,3.0,16.0,5.0,2.0,7.0,100,0,Breakfast,0,1 cup,Oat Milk,0.024793388429752067,0.05785123966942149,2.6666666666666665,0.8264462809917356,0.11764705882352941,0.0
Biscuits and Gravy (1 serving),Meal/Processed,480,10.0,45.0,28.0,2.0,3.0,1100,35,Breakfast,250,1 serving,Biscuits and Gravy,0.02079002079002079,0.006237006237006237,1.5517241379310345,2.286902286902287,0.043478260869565216,0.07276507276507277
Avocado (1/2 fruit),Fruit,160,2.0,8.5,14.7,6.7,0.7,7,0,Breakfast,0,1/2 fruit,Avocado,0.012422360248447204,0.004347826086956522,0.5414012738853503,0.043478260869565216,0.7052631578947368,0.0
Corn Flakes (1 cup),Grain,100,2.0,24.0,0.0,1.0,3.0,200,0,Breakfast,0,1 cup,Corn Flakes,0.019801980198019802,0.0297029702970297,24.0,1.9801980198019802,0.04,0.0
T-Bone Steak (6oz),Protein/Meat,460,38.0,0.0,33.0,0.0,0.0,110,105,Dinner,0,6oz,T-Bone Steak,0.0824295010845987,0.0,0.0,0.2386117136659436,0.0,0.227765726681128
Creamed Spinach (1/2 cup),Vegetable,190,5.0,8.0,16.0,3.0,2.0,450,50,Dinner,0,1/2 cup,Creamed Spinach,0.02617801047120419,0.010471204188481676,0.47058823529411764,2.356020942408377,0.3333333333333333,0.2617801047120419
Ramen (Instant 1 pack),Meal/Processed,380,9.0,53.0,14.0,2.0,2.0,1580,0,Lunch,500,Instant 1 pack,Ramen,0.023622047244094488,0.005249343832020997,3.533333333333333,4.146981627296588,0.037037037037037035,0.0
Feta Cheese (1 oz),Dairy,75,4.0,1.2,6.1,0.0,0.7,316,25,Lunch,0,1 oz,Feta Cheese,0.05263157894736842,0.009210526315789473,0.16901408450704225,4.157894736842105,0.0,0.32894736842105265
Olives (Kalamata 5 large),Fruit,35,0.2,1.0,3.5,0.5,0.0,210,0,Lunch,0,Kalamata 5 large,Olives,0.005555555555555556,0.0,0.2222222222222222,5.833333333333333,0.25,0.0
Chicken Alfredo (1.5 cups),Meal/Pasta,680,35.0,45.0,38.0,4.0,5.0,980,120,Dinner,250,1.5 cups,Chicken Alfredo,0.0513950073421439,0.007342143906020558,1.1538461538461537,1.4390602055800295,0.08695652173913043,0.1762114537444934
Breadstick (1 large),Grain,160,4.0,28.0,3.0,1.0,2.0,350,0,Dinner,0,1 large,Breadstick,0.024844720496894408,0.012422360248447204,7.0,2.1739130434782608,0.034482758620689655,0.0
Cobb Salad,Meal/Protein,510,30.0,12.0,38.0,7.0,6.0,800,210,Lunch,500,,Cobb Salad,0.05870841487279843,0.011741682974559686,0.3076923076923077,1.5655577299412915,0.5384615384615384,0.410958904109589
Blue Cheese Dressing (2 tbsp),Condiment,150,1.0,2.0,16.0,0.0,1.0,320,10,Lunch,0,2 tbsp,Blue Cheese Dressing,0.006622516556291391,0.006622516556291391,0.11764705882352941,2.119205298013245,0.0,0.06622516556291391
Eggo Waffle (2 waffles),Grain/Processed,180,4.0,30.0,5.0,1.0,4.0,400,0,Breakfast,0,2 waffles,Eggo Waffle,0.022099447513812154,0.022099447513812154,5.0,2.2099447513812156,0.03225806451612903,0.0
Diet Soda (1 can),Beverage,0,0.0,0.0,0.0,0.0,0.0,40,0,Lunch,355,1 can,Diet Soda,0.0,0.0,0.0,40.0,0.0,0.0
Pulled Pork Sandwich,Meal/Meat,480,25.0,48.0,20.0,3.0,15.0,900,75,Lunch,250,,Pulled Pork Sandwich,0.05197505197505198,0.031185031185031187,2.2857142857142856,1.8711018711018712,0.061224489795918366,0.15592515592515593
Crab Cakes (2 medium),Meal/Seafood,340,20.0,18.0,20.0,1.0,2.0,700,120,Dinner,250,2 medium,Crab Cakes,0.05865102639296188,0.005865102639296188,0.8571428571428571,2.0527859237536656,0.05263157894736842,0.3519061583577713
Tartar Sauce (2 tbsp),Condiment,60,0.2,2.0,5.5,0.1,1.5,180,5,Dinner,0,2 tbsp,Tartar Sauce,0.003278688524590164,0.02459016393442623,0.3076923076923077,2.9508196721311477,0.03333333333333333,0.08196721311475409
Almond Milk (Unsweetened 1 cup),Beverage/Dairy-Alt,30,1.0,1.0,2.5,1.0,0.0,160,0,Breakfast,240,Unsweetened 1 cup,Almond Milk,0.03225806451612903,0.0,0.2857142857142857,5.161290322580645,0.5,0.0
Rice Krispies (1.5 cups),Grain,160,3.0,37.0,0.5,0.5,4.0,290,0,Breakfast,0,1.5 cups,Rice Krispies,0.018633540372670808,0.024844720496894408,24.666666666666668,1.8012422360248448,0.013157894736842105,0.0
Sugar (1 tsp for cereal),Condiment,16,0.0,4.0,0.0,0.0,4.0,0,0,Breakfast,0,1 tsp for cereal,Sugar,0.0,0.23529411764705882,4.0,0.0,0.0,0.0
Tuna (Canned 3oz in water),Protein/Fish,90,20.0,0.0,1.0,0.0,0.0,250,35,Lunch,0,Canned 3oz in water,Tuna,0.21978021978021978,0.0,0.0,2.7472527472527473,0.0,0.38461538461538464
Mayonnaise (1 tbsp),Condiment,90,0.1,0.1,10.0,0.0,0.1,70,5,Lunch,0,1 tbsp,Mayonnaise,0.001098901098901099,0.001098901098901099,0.009090909090909092,0.7692307692307693,0.0,0.054945054945054944
Pickle (1 spear dill),Vegetable,5,0.2,1.0,0.1,0.3,0.5,300,0,Lunch,0,1 spear dill,Pickle,0.03333333333333333,0.08333333333333333,0.9090909090909091,50.0,0.15,0.0
Lobster Bisque (1 cup),Meal/Seafood,250,8.0,12.0,18.0,1.0,3.0,850,50,Lunch,250,1 cup,Lobster Bisque,0.03187250996015936,0.01195219123505976,0.631578947368421,3.3864541832669324,0.07692307692307693,0.199203187250996
Reuben Sandwich,Meal/Processed,650,28.0,35.0,40.0,5.0,6.0,1500,100,Lunch,500,,Reuben Sandwich,0.043010752688172046,0.009216589861751152,0.8536585365853658,2.304147465437788,0.1388888888888889,0.15360983102918588
Sauerkraut (1/4 cup side),Vegetable,7,0.3,1.5,0.0,1.0,0.6,234,0,Lunch,0,1/4 cup side,Sauerkraut,0.0375,0.075,1.5,29.25,0.4,0.0
Mushroom (White 1 cup sliced),Vegetable,15,2.2,2.3,0.2,0.7,1.4,4,0,Dinner,0,White 1 cup sliced,Mushroom,0.1375,0.0875,1.9166666666666665,0.25,0.21212121212121213,0.0
Soy Milk (Original 1 cup),Beverage/Dairy-Alt,110,8.0,9.0,4.5,2.0,6.0,125,0,Breakfast,240,Original 1 cup,Soy Milk,0.07207207207207207,0.05405405405405406,1.6363636363636365,1.1261261261261262,0.2,0.0
Chicken Tikka Masala (1.5 cups),Meal/Meat,480,30.0,20.0,30.0,5.0,8.0,900,95,Dinner,250,1.5 cups,Chicken Tikka Masala,0.062370062370062374,0.016632016632016633,0.6451612903225806,1.8711018711018712,0.23809523809523808,0.19750519750519752
Naan Bread (1 piece),Grain,260,8.0,45.0,5.0,2.0,3.0,450,10,Dinner,0,1 piece,Naan Bread,0.03065134099616858,0.011494252873563218,7.5,1.7241379310344827,0.043478260869565216,0.038314176245210725
Cucumber Salad (1/2 cup),Vegetable,40,1.0,5.0,2.0,1.0,4.0,200,0,Dinner,0,1/2 cup,Cucumber Salad,0.024390243902439025,0.0975609756097561,1.6666666666666667,4.878048780487805,0.16666666666666666,0.0
Chocolate Croissant,Dessert,350,6.0,40.0,19.0,3.0,15.0,300,40,Breakfast,250,,Chocolate Croissant,0.017094017094017096,0.042735042735042736,2.0,0.8547008547008547,0.07317073170731707,0.11396011396011396
Sweet & Sour Chicken (1 cup),Meal/Processed,380,18.0,45.0,15.0,3.0,25.0,750,50,Dinner,0,1 cup,Sweet & Sour Chicken,0.047244094488188976,0.06561679790026247,2.8125,1.968503937007874,0.06521739130434782,0.13123359580052493
Egg Drop Soup (1 cup),Meal/Vegetable,65,5.0,6.0,2.0,0.5,1.0,780,50,Dinner,0,1 cup,Egg Drop Soup,0.07575757575757576,0.015151515151515152,2.0,11.818181818181818,0.07142857142857142,0.7575757575757576
Turkey Burger (1 patty),Protein/Meat,160,22.0,2.0,8.0,0.0,1.0,400,70,Lunch,250,1 patty,Turkey Burger,0.13664596273291926,0.006211180124223602,0.2222222222222222,2.484472049689441,0.0,0.43478260869565216
Potato Salad (1/2 cup),Meal/Vegetable,180,2.0,19.0,11.0,2.0,3.0,500,10,Lunch,0,1/2 cup,Potato Salad,0.011049723756906077,0.016574585635359115,1.5833333333333333,2.7624309392265194,0.1,0.055248618784530384
Cranberry Juice (1 cup),Beverage,130,0.0,33.0,0.0,0.0,30.0,10,0,Breakfast,240,1 cup,Cranberry Juice,0.0,0.22900763358778625,33.0,0.07633587786259542,0.0,0.0
Chicken Piccata (1 serving),Meal/Meat,350,30.0,10.0,20.0,1.0,2.0,600,90,Dinner,250,1 serving,Chicken Piccata,0.08547008547008547,0.005698005698005698,0.47619047619047616,1.7094017094017093,0.09090909090909091,0.2564102564102564
Angel Hair Pasta (1 cup),Grain,200,7.0,42.0,1.0,2.0,1.0,1,0,Dinner,0,1 cup,Angel Hair Pasta,0.03482587064676617,0.004975124378109453,21.0,0.004975124378109453,0.046511627906976744,0.0
Olive Oil (1 tbsp),Condiment,120,0.0,0.0,14.0,0.0,0.0,0,0,Dinner,0,1 tbsp,Olive Oil,0.0,0.0,0.0,0.0,0.0,0.0
Garlic (1 clove),Vegetable,4,0.2,0.9,0.0,0.1,0.0,1,0,Dinner,0,1 clove,Garlic,0.04,0.0,0.9,0.2,0.052631578947368425,0.0
Shrimp Scampi (1 cup),Meal/Seafood,380,22.0,40.0,15.0,3.0,3.0,750,140,Dinner,0,1 cup,Shrimp Scampi,0.05774278215223097,0.007874015748031496,2.5,1.968503937007874,0.07317073170731707,0.3674540682414698
Cereal Bar (Fruit),Snack/Processed,140,2.0,30.0,3.0,1.0,15.0,110,0,Breakfast,250,Fruit,Cereal Bar,0.014184397163120567,0.10638297872340426,7.5,0.7801418439716312,0.03225806451612903,0.0
Veal Parmesan (1 serving),Meal/Meat,550,40.0,30.0,30.0,4.0,7.0,1100,130,Dinner,250,1 serving,Veal Parmesan,0.07259528130671507,0.012704174228675136,0.967741935483871,1.9963702359346642,0.12903225806451613,0.23593466424682397
Spaghetti (side),Grain,100,3.5,21.0,0.5,1.0,0.5,0,0,Dinner,0,side,Spaghetti,0.034653465346534656,0.0049504950495049506,14.0,0.0,0.045454545454545456,0.0
Coconut Shrimp (5 pcs),Meal/Seafood,320,10.0,25.0,20.0,3.0,8.0,600,80,Dinner,0,5 pcs,Coconut Shrimp,0.03115264797507788,0.024922118380062305,1.1904761904761905,1.8691588785046729,0.11538461538461539,0.24922118380062305
Sweet Chili Sauce (2 tbsp),Condiment,70,0.0,17.0,0.0,0.5,16.0,450,0,Dinner,0,2 tbsp,Sweet Chili Sauce,0.0,0.22535211267605634,17.0,6.338028169014085,0.027777777777777776,0.0
White Wine (5 oz glass),Beverage,121,0.1,3.8,0.0,0.0,1.4,5,0,Dinner,0,5 oz glass,White Wine,0.000819672131147541,0.011475409836065573,3.8,0.040983606557377046,0.0,0.0
Poached Egg (1 large),Protein,72,6.3,0.4,4.8,0.0,0.4,140,185,Breakfast,0,1 large,Poached Egg,0.08630136986301369,0.005479452054794521,0.06896551724137931,1.917808219178082,0.0,2.5342465753424657
Canadian Bacon (2 slices),Protein/Meat,80,12.0,1.0,3.0,0.0,1.0,650,40,Breakfast,0,2 slices,Canadian Bacon,0.14814814814814814,0.012345679012345678,0.25,8.024691358024691,0.0,0.49382716049382713
Eggs Benedict (1 serving),Meal/Protein,600,25.0,30.0,40.0,3.0,4.0,1100,450,Breakfast,250,1 serving,Eggs Benedict,0.04159733777038269,0.0066555740432612314,0.7317073170731707,1.8302828618968385,0.0967741935483871,0.7487520798668885
Hollandaise Sauce (2 tbsp),Condiment,110,1.0,0.5,12.0,0.0,0.2,150,50,Breakfast,0,2 tbsp,Hollandaise Sauce,0.009009009009009009,0.0018018018018018018,0.038461538461538464,1.3513513513513513,0.0,0.45045045045045046
Chicken Kebab (2 skewers),Meal/Meat,280,30.0,8.0,14.0,3.0,4.0,500,85,Dinner,250,2 skewers,Chicken Kebab,0.10676156583629894,0.014234875444839857,0.5333333333333333,1.7793594306049823,0.3333333333333333,0.302491103202847
Bell Peppers & Onions (sautéed),Vegetable,60,1.5,10.0,2.0,3.0,6.0,30,0,Dinner,0,sautéed,Bell Peppers & Onions,0.02459016393442623,0.09836065573770492,3.3333333333333335,0.4918032786885246,0.2727272727272727,0.0
Hummus Wrap (large),Meal/Vegetarian,450,15.0,60.0,18.0,12.0,5.0,800,0,Lunch,500,large,Hummus Wrap,0.03325942350332594,0.011086474501108648,3.1578947368421053,1.7738359201773837,0.19672131147540983,0.0
Beef Stroganoff (1.5 cups),Meal/Pasta,550,30.0,40.0,28.0,4.0,6.0,900,100,Dinner,0,1.5 cups,Beef Stroganoff,0.0544464609800363,0.010889292196007259,1.3793103448275863,1.633393829401089,0.0975609756097561,0.18148820326678766
Egg Noodles (1 cup cooked),Grain,220,8.0,40.0,3.0,2.0,2.0,20,50,Dinner,0,1 cup cooked,Egg Noodles,0.03619909502262444,0.00904977375565611,10.0,0.09049773755656108,0.04878048780487805,0.22624434389140272
Cottage Cheese (1 cup low fat),Dairy,160,28.0,6.0,2.5,0.0,4.0,820,10,Lunch,250,1 cup low fat,Cottage Cheese,0.17391304347826086,0.024844720496894408,1.7142857142857142,5.093167701863354,0.0,0.062111801242236024
Tomato (1 medium sliced),Vegetable,22,1.1,4.8,0.2,1.5,3.2,6,0,Lunch,0,1 medium sliced,Tomato,0.04782608695652174,0.1391304347826087,4.0,0.2608695652173913,0.25862068965517243,0.0
Black Pepper (1 tsp),Condiment,6,0.2,1.5,0.1,0.6,0.0,0,0,Lunch,0,1 tsp,Black Pepper,0.028571428571428574,0.0,1.3636363636363635,0.0,0.24,0.0
Mackerel (3oz cooked),Protein/Fish,175,16.0,0.0,12.0,0.0,0.0,75,65,Dinner,0,3oz cooked,Mackerel,0.09090909090909091,0.0,0.0,0.42613636363636365,0.0,0.3693181818181818
Collard Greens (1 cup cooked),Vegetable,60,5.0,10.0,1.0,7.0,1.0,40,0,Dinner,0,1 cup cooked,Collard Greens,0.08196721311475409,0.01639344262295082,5.0,0.6557377049180327,0.6363636363636364,0.0
Ham (3oz deli sliced),Protein/Meat,110,16.0,2.0,4.0,0.0,1.5,950,45,Lunch,0,3oz deli sliced,Ham,0.14414414414414414,0.013513513513513514,0.4,8.558558558558559,0.0,0.40540540540540543
Swiss Cheese (1 slice),Dairy,106,7.6,1.0,8.0,0.0,0.4,54,26,Lunch,0,1 slice,Swiss Cheese,0.07102803738317756,0.003738317757009346,0.1111111111111111,0.5046728971962616,0.0,0.24299065420560748
Rye Bread (1 slice),Grain,83,2.7,15.5,1.1,1.9,1.2,170,0,Lunch,0,1 slice,Rye Bread,0.03214285714285715,0.014285714285714285,7.3809523809523805,2.0238095238095237,0.11515151515151514,0.0
Potato Leek Soup (1 cup),Meal/Vegetable,180,4.0,25.0,7.0,3.0,4.0,650,15,Lunch,250,1 cup,Potato Leek Soup,0.022099447513812154,0.022099447513812154,3.125,3.591160220994475,0.11538461538461539,0.08287292817679558
Grapefruit (1/2 medium),Fruit,52,1.1,13.2,0.2,2.0,8.5,0,0,Breakfast,0,1/2 medium,Grapefruit,0.020754716981132078,0.16037735849056603,11.0,0.0,0.14084507042253522,0.0
Fish Tacos (2 tacos),Meal/Fish,420,25.0,40.0,18.0,6.0,5.0,700,60,Dinner,500,2 tacos,Fish Tacos,0.05938242280285035,0.011876484560570071,2.1052631578947367,1.66270783847981,0.14634146341463414,0.14251781472684086
Cabbage Slaw (side),Vegetable,60,1.0,8.0,3.0,2.0,5.0,120,5,Dinner,0,side,Cabbage Slaw,0.01639344262295082,0.08196721311475409,2.0,1.9672131147540983,0.2222222222222222,0.08196721311475409
Lime (juice of 1),Condiment,11,0.2,3.7,0.0,0.4,0.7,1,0,Dinner,0,juice of 1,Lime,0.016666666666666666,0.05833333333333333,3.7,0.08333333333333333,0.0851063829787234,0.0
Danish (Cheese 1 medium),Dessert,340,7.0,38.0,18.0,2.0,16.0,300,55,Breakfast,250,Cheese 1 medium,Danish,0.020527859237536656,0.0469208211143695,2.0,0.8797653958944281,0.05128205128205128,0.16129032258064516
Kefir (Plain 1 cup),Beverage/Dairy,104,10.0,10.0,2.5,0.0,9.0,100,10,Breakfast,240,Plain 1 cup,Kefir,0.09523809523809523,0.08571428571428572,2.857142857142857,0.9523809523809523,0.0,0.09523809523809523
Gnocchi (1 cup),Meal/Pasta,210,4.5,45.0,1.5,3.0,2.0,480,0,Dinner,0,1 cup,Gnocchi,0.02132701421800948,0.009478672985781991,18.0,2.2748815165876777,0.06521739130434782,0.0
Pesto Sauce (1/4 cup),Condiment,260,5.0,4.0,26.0,2.0,1.0,550,5,Dinner,0,1/4 cup,Pesto Sauce,0.019157088122605363,0.0038314176245210726,0.14814814814814814,2.10727969348659,0.4,0.019157088122605363
Pine Nuts (1 tbsp),Nut,95,2.0,2.0,10.0,0.5,0.5,0,0,Dinner,0,1 tbsp,Pine Nuts,0.020833333333333332,0.005208333333333333,0.18181818181818182,0.0,0.16666666666666666,0.0
Manicotti (2 shells cheese),Meal/Pasta,380,20.0,35.0,18.0,4.0,7.0,650,60,Dinner,0,2 shells cheese,Manicotti,0.05249343832020997,0.01837270341207349,1.8421052631578947,1.7060367454068242,0.1111111111111111,0.15748031496062992
Italian Sausage (1 link),Protein/Meat,200,12.0,3.0,16.0,0.0,1.0,550,50,Dinner,0,1 link,Italian Sausage,0.05970149253731343,0.004975124378109453,0.17647058823529413,2.736318407960199,0.0,0.24875621890547264
Split Pea Soup (1 cup),Meal/Legume,180,11.0,30.0,2.0,10.0,6.0,700,5,Lunch,250,1 cup,Split Pea Soup,0.06077348066298342,0.03314917127071823,10.0,3.867403314917127,0.3225806451612903,0.027624309392265192
Ham & Cheese Croissant,Meal/Processed,400,15.0,35.0,22.0,2.0,6.0,750,60,Breakfast,250,,Ham & Cheese Croissant,0.03740648379052369,0.014962593516209476,1.5217391304347827,1.8703241895261846,0.05555555555555555,0.14962593516209477
Espresso (double shot),Beverage,5,0.5,0.0,0.1,0.0,0.0,1,0,Breakfast,60,double shot,Espresso,0.08333333333333333,0.0,0.0,0.16666666666666666,0.0,0.0
Ricotta Cheese (1/4 cup),Dairy,85,5.5,2.5,6.0,0.0,1.0,50,24,Dinner,0,1/4 cup,Ricotta Cheese,0.06395348837209303,0.011627906976744186,0.35714285714285715,0.5813953488372093,0.0,0.27906976744186046
Chicken & Rice Soup (1 can),Meal/Processed,130,7.0,18.0,3.0,2.0,2.0,850,15,Lunch,250,1 can,Chicken & Rice Soup,0.05343511450381679,0.015267175572519083,4.5,6.488549618320611,0.10526315789473684,0.11450381679389313
Salt (1/4 tsp),Condiment,0,0.0,0.0,0.0,0.0,0.0,580,0,Dinner,0,1/4 tsp,Salt,0.0,0.0,0.0,580.0,0.0,0.0
Club Sandwich,Meal/Processed,580,35.0,40.0,30.0,5.0,7.0,1300,95,Lunch,500,,Club Sandwich,0.060240963855421686,0.012048192771084338,1.2903225806451613,2.2375215146299485,0.12195121951219512,0.16351118760757316
Turkey Chili (1 cup),Meal/Meat,250,22.0,25.0,7.0,8.0,6.0,750,50,Dinner,250,1 cup,Turkey Chili,0.08764940239043825,0.02390438247011952,3.125,2.9880478087649402,0.3076923076923077,0.199203187250996
Sour Cream (2 tbsp),Condiment/Dairy,60,0.8,1.3,5.8,0.0,0.8,25,12,Dinner,0,2 tbsp,Sour Cream,0.013114754098360656,0.013114754098360656,0.1911764705882353,0.4098360655737705,0.0,0.19672131147540983
Shredded Cheese (Cheddar 1/4 cup),Dairy,115,7.0,1.0,9.5,0.0,0.5,180,30,Dinner,0,Cheddar 1/4 cup,Shredded Cheese,0.0603448275862069,0.004310344827586207,0.09523809523809523,1.5517241379310345,0.0,0.25862068965517243
Chocolate Donut (1 medium),Dessert,300,4.0,35.0,17.0,2.0,18.0,230,20,Breakfast,0,1 medium,Chocolate Donut,0.013289036544850499,0.059800664451827246,1.9444444444444444,0.7641196013289037,0.05555555555555555,0.0664451827242525
Tuna Melt,Meal/Processed,450,25.0,32.0,25.0,3.0,4.0,900,50,Lunch,250,,Tuna Melt,0.05543237250554324,0.008869179600886918,1.2307692307692308,1.9955654101995566,0.09090909090909091,0.11086474501108648
Beef Burrito (large),Meal/Processed,650,30.0,70.0,28.0,10.0,5.0,1400,70,Dinner,500,large,Beef Burrito,0.04608294930875576,0.007680491551459293,2.413793103448276,2.150537634408602,0.14084507042253522,0.10752688172043011
Pico de Gallo (1/4 cup),Condiment,15,0.5,3.0,0.0,1.0,2.0,200,0,Dinner,0,1/4 cup,Pico de Gallo,0.03125,0.125,3.0,12.5,0.25,0.0
Corn Tortilla (1 medium),Grain,52,1.4,11.2,0.7,1.5,0.2,4,0,Dinner,0,1 medium,Corn Tortilla,0.02641509433962264,0.0037735849056603774,6.588235294117647,0.07547169811320754,0.12295081967213116,0.0
Mussels (3oz steamed),Protein/Seafood,146,20.0,6.0,4.0,0.0,0.0,310,48,Dinner,0,3oz steamed,Mussels,0.1360544217687075,0.0,1.2,2.108843537414966,0.0,0.32653061224489793
White Wine Sauce (1/4 cup),Condiment,80,1.0,4.0,6.0,0.5,2.0,300,5,Dinner,0,1/4 cup,White Wine Sauce,0.012345679012345678,0.024691358024691357,0.5714285714285714,3.7037037037037037,0.1,0.06172839506172839
French Bread (2 slices),Grain,180,6.0,36.0,1.0,2.0,2.0,380,0,Dinner,0,2 slices,French Bread,0.03314917127071823,0.011049723756906077,18.0,2.0994475138121547,0.05405405405405406,0.0
Cheese Danish,Dessert,340,7.0,38.0,18.0,2.0,16.0,300,55,Breakfast,250,,Cheese Danish,0.020527859237536656,0.0469208211143695,2.0,0.8797653958944281,0.05128205128205128,0.16129032258064516
Chicken Salad Sandwich,Meal/Processed,420,20.0,35.0,20.0,3.0,5.0,850,60,Lunch,250,,Chicken Salad Sandwich,0.047505938242280284,0.011876484560570071,1.6666666666666667,2.019002375296912,0.08333333333333333,0.14251781472684086
Soyrizo (2 oz),Protein/Vegetarian,140,10.0,6.0,9.0,3.0,2.0,450,0,Breakfast,0,2 oz,Soyrizo,0.07092198581560284,0.014184397163120567,0.6,3.1914893617021276,0.42857142857142855,0.0
Hash Browns (1 cup),Vegetable,330,3.0,38.0,19.0,3.0,1.0,550,0,Breakfast,0,1 cup,Hash Browns,0.00906344410876133,0.0030211480362537764,1.9,1.661631419939577,0.07692307692307693,0.0
Ketchup (1 packet),Condiment,10,0.1,2.5,0.0,0.1,2.0,90,0,Breakfast,0,1 packet,Ketchup,0.009090909090909092,0.18181818181818182,2.5,8.181818181818182,0.028571428571428574,0.0
Philly Cheesesteak (6 inch),Meal/Processed,500,25.0,40.0,28.0,3.0,5.0,1100,70,Lunch,500,6 inch,Philly Cheesesteak,0.0499001996007984,0.00998003992015968,1.3793103448275863,2.1956087824351296,0.07317073170731707,0.13972055888223553
Cheese Whiz (2 tbsp),Condiment/Processed,90,4.0,3.0,7.0,0.0,2.0,540,20,Lunch,0,2 tbsp,Cheese Whiz,0.04395604395604396,0.02197802197802198,0.375,5.934065934065934,0.0,0.21978021978021978
Onions (sautéed 1/4 cup),Vegetable,30,0.5,5.0,1.0,1.0,3.0,5,0,Lunch,0,sautéed 1/4 cup,Onions,0.016129032258064516,0.0967741935483871,2.5,0.16129032258064516,0.16666666666666666,0.0
Cheesy Grits (1 cup),Meal/Grain,210,6.0,34.0,6.0,2.0,1.0,550,20,Breakfast,0,1 cup,Cheesy Grits,0.02843601895734597,0.004739336492890996,4.857142857142857,2.6066350710900474,0.05714285714285714,0.0947867298578199
Collard Greens (with ham hock),Vegetable,180,10.0,15.0,9.0,8.0,3.0,600,30,Dinner,0,with ham hock,Collard Greens,0.055248618784530384,0.016574585635359115,1.5,3.314917127071823,0.5,0.16574585635359115
Fried Okra (1 cup),Vegetable,220,4.0,25.0,12.0,5.0,3.0,450,10,Dinner,0,1 cup,Fried Okra,0.01809954751131222,0.013574660633484163,1.9230769230769231,2.0361990950226243,0.19230769230769232,0.04524886877828054
Sweet Tea (16 oz),Beverage,180,0.0,46.0,0.0,0.0,46.0,15,0,Lunch,473,16 oz,Sweet Tea,0.0,0.2541436464088398,46.0,0.08287292817679558,0.0,0.0
Gyro (1 sandwich),Meal/Meat,600,25.0,55.0,30.0,5.0,6.0,1200,80,Dinner,250,1 sandwich,Gyro,0.04159733777038269,0.009983361064891847,1.7741935483870968,1.9966722129783694,0.08928571428571429,0.13311148086522462
Pita Bread (White 1 large),Grain,220,7.0,45.0,2.0,2.0,2.0,440,0,Dinner,0,White 1 large,Pita Bread,0.03167420814479638,0.00904977375565611,15.0,1.990950226244344,0.043478260869565216,0.0
Tzatziki Sauce (2 tbsp),Condiment,30,1.5,2.0,2.0,0.0,1.5,100,5,Dinner,0,2 tbsp,Tzatziki Sauce,0.04838709677419355,0.04838709677419355,0.6666666666666666,3.225806451612903,0.0,0.16129032258064516
Chicken Parm Sandwich,Meal/Processed,650,40.0,55.0,30.0,6.0,9.0,1400,100,Lunch,500,,Chicken Parm Sandwich,0.06144393241167435,0.013824884792626729,1.7741935483870968,2.150537634408602,0.10714285714285714,0.15360983102918588
Mozzarella (1 slice),Dairy,80,6.0,1.0,6.0,0.0,0.5,150,20,Lunch,0,1 slice,Mozzarella,0.07407407407407407,0.006172839506172839,0.14285714285714285,1.8518518518518519,0.0,0.24691358024691357
Bread Roll (hoagie),Grain,200,6.0,38.0,2.0,2.0,3.0,400,0,Lunch,0,hoagie,Bread Roll,0.029850746268656716,0.014925373134328358,12.666666666666666,1.9900497512437811,0.05128205128205128,0.0
Artichoke (1 medium steamed),Vegetable,60,4.2,13.4,0.2,6.9,1.2,112,0,Dinner,0,1 medium steamed,Artichoke,0.06885245901639345,0.019672131147540982,11.166666666666668,1.8360655737704918,0.4791666666666667,0.0
Mayonnaise (1 tbsp for dipping),Condiment,90,0.1,0.1,10.0,0.0,0.1,70,5,Dinner,0,1 tbsp for dipping,Mayonnaise,0.001098901098901099,0.001098901098901099,0.009090909090909092,0.7692307692307693,0.0,0.054945054945054944
Calamari (fried 3oz),Meal/Seafood,150,13.0,8.0,7.0,1.0,1.0,600,220,Dinner,0,fried 3oz,Calamari,0.08609271523178808,0.006622516556291391,1.0,3.9735099337748343,0.1111111111111111,1.4569536423841059
Lemon Wedge (for calamari),Condiment,3,0.1,1.0,0.0,0.3,0.2,0,0,Dinner,0,for calamari,Lemon Wedge,0.025,0.05,1.0,0.0,0.15,0.0
Chicken McNuggets (6 pcs),Meal/Processed,270,15.0,16.0,16.0,1.0,0.0,500,40,Lunch,0,6 pcs,Chicken McNuggets,0.055350553505535055,0.0,0.9411764705882353,1.845018450184502,0.058823529411764705,0.14760147601476015
BBQ Sauce (2 tbsp),Condiment,60,0.5,15.0,0.0,0.5,12.0,350,0,Lunch,0,2 tbsp,BBQ Sauce,0.00819672131147541,0.19672131147540983,15.0,5.737704918032787,0.03125,0.0
Honey (1 tbsp),Condiment,64,0.1,17.3,0.0,0.0,17.2,1,0,Breakfast,0,1 tbsp,Honey,0.0015384615384615385,0.2646153846153846,17.3,0.015384615384615385,0.0,0.0
Tofu Scramble,Meal/Vegetarian,250,20.0,8.0,16.0,4.0,3.0,300,0,Breakfast,250,,Tofu Scramble,0.0796812749003984,0.01195219123505976,0.47058823529411764,1.1952191235059761,0.4444444444444444,0.0
Turmeric (1 tsp),Condiment,9,0.3,1.9,0.1,0.7,0.1,1,0,Breakfast,0,1 tsp,Turmeric,0.03,0.01,1.727272727272727,0.1,0.24137931034482757,0.0
Nutritional Yeast (1 tbsp),Condiment,20,3.0,2.0,0.0,1.0,0.0,10,0,Breakfast,0,1 tbsp,Nutritional Yeast,0.14285714285714285,0.0,2.0,0.47619047619047616,0.3333333333333333,0.0
Seitan (3oz),Protein/Vegetarian,90,18.0,4.0,1.0,1.0,1.0,300,0,Dinner,0,3oz,Seitan,0.1978021978021978,0.01098901098901099,2.0,3.2967032967032965,0.2,0.0
Vegetable Broth (1 cup),Beverage,15,1.0,3.0,0.0,1.0,2.0,550,0,Dinner,240,1 cup,Vegetable Broth,0.0625,0.125,3.0,34.375,0.25,0.0
Mashed Cauliflower (1 cup),Vegetable,140,5.0,12.0,8.0,5.0,4.0,400,25,Dinner,0,1 cup,Mashed Cauliflower,0.03546099290780142,0.028368794326241134,1.3333333333333333,2.8368794326241136,0.38461538461538464,0.1773049645390071
Peanut Sauce (2 tbsp),Condiment,80,2.0,4.0,6.0,1.0,3.0,250,0,Dinner,0,2 tbsp,Peanut Sauce,0.024691358024691357,0.037037037037037035,0.5714285714285714,3.0864197530864197,0.2,0.0
Tempeh (3oz),Protein/Vegetarian,160,16.0,8.0,9.0,5.0,0.0,10,0,Lunch,0,3oz,Tempeh,0.09937888198757763,0.0,0.8,0.062111801242236024,0.5555555555555556,0.0
Sauerkraut (1/2 cup),Vegetable,14,0.7,3.1,0.1,2.0,1.2,468,0,Lunch,0,1/2 cup,Sauerkraut,0.04666666666666666,0.08,2.818181818181818,31.2,0.48780487804878053,0.0
Rye Crispbread (2 slices),Grain,70,2.0,14.0,0.5,3.0,0.0,120,0,Lunch,0,2 slices,Rye Crispbread,0.028169014084507043,0.0,9.333333333333334,1.6901408450704225,0.2,0.0
Capers (1 tbsp),Condiment,2,0.2,0.4,0.1,0.3,0.1,200,0,Dinner,0,1 tbsp,Capers,0.06666666666666667,0.03333333333333333,0.36363636363636365,66.66666666666667,0.2142857142857143,0.0
Chicken Liver (2 oz cooked),Protein/Meat,91,13.6,0.6,3.6,0.0,0.0,50,320,Dinner,0,2 oz cooked,Chicken Liver,0.14782608695652175,0.0,0.13043478260869565,0.5434782608695652,0.0,3.4782608695652173
Onion (1/2 cup raw chopped),Vegetable,32,0.9,7.5,0.1,1.4,3.8,3,0,Dinner,0,1/2 cup raw chopped,Onion,0.027272727272727275,0.11515151515151514,6.8181818181818175,0.09090909090909091,0.16470588235294117,0.0
Bok Choy (1 cup steamed),Vegetable,10,1.5,2.0,0.1,1.0,1.0,40,0,Dinner,0,1 cup steamed,Bok Choy,0.13636363636363635,0.09090909090909091,1.8181818181818181,3.6363636363636362,0.3333333333333333,0.0
Chickpeas (1/2 cup canned),Legume,135,7.0,22.0,2.0,6.0,3.0,250,0,Lunch,0,1/2 cup canned,Chickpeas,0.051470588235294115,0.022058823529411766,7.333333333333333,1.838235294117647,0.2608695652173913,0.0
Lettuce (Romaine 2 cups),Vegetable,16,1.0,3.0,0.3,2.0,1.0,10,0,Lunch,0,Romaine 2 cups,Lettuce,0.058823529411764705,0.058823529411764705,2.3076923076923075,0.5882352941176471,0.5,0.0
Italian Dressing (2 tbsp),Condiment,70,0.0,3.0,7.0,0.0,2.0,300,0,Lunch,0,2 tbsp,Italian Dressing,0.0,0.028169014084507043,0.375,4.225352112676056,0.0,0.0
Croutons (1/4 cup),Grain,50,1.5,7.0,2.0,0.5,0.5,140,0,Lunch,0,1/4 cup,Croutons,0.029411764705882353,0.00980392156862745,2.3333333333333335,2.7450980392156863,0.0625,0.0
Turkey Sausage (1 patty),Protein/Meat,70,9.0,1.0,4.0,0.0,0.5,280,35,Breakfast,0,1 patty,Turkey Sausage,0.1267605633802817,0.007042253521126761,0.2,3.943661971830986,0.0,0.49295774647887325
Maple Syrup (1 tbsp),Condiment,52,0.0,13.5,0.0,0.0,12.0,1,0,Breakfast,0,1 tbsp,Maple Syrup,0.0,0.22641509433962265,13.5,0.018867924528301886,0.0,0.0
Quesadilla (Cheese 1 medium),Meal/Processed,400,18.0,35.0,22.0,3.0,2.0,700,50,Lunch,250,Cheese 1 medium,Quesadilla,0.04488778054862843,0.004987531172069825,1.5217391304347827,1.745635910224439,0.08333333333333333,0.12468827930174564
Sour Cream (1 tbsp),Condiment/Dairy,30,0.4,0.6,2.9,0.0,0.4,12,6,Lunch,0,1 tbsp,Sour Cream,0.012903225806451613,0.012903225806451613,0.15384615384615385,0.3870967741935484,0.0,0.1935483870967742
Salsa (2 tbsp),Condiment,10,0.5,2.0,0.0,0.5,1.0,120,0,Lunch,0,2 tbsp,Salsa,0.045454545454545456,0.09090909090909091,2.0,10.909090909090908,0.16666666666666666,0.0
Red Cabbage (1 cup raw),Vegetable,22,1.1,5.2,0.1,1.6,2.8,8,0,Dinner,0,1 cup raw,Red Cabbage,0.04782608695652174,0.1217391304347826,4.727272727272727,0.34782608695652173,0.25806451612903225,0.0
Duck (3oz roasted),Protein/Meat,285,16.0,0.0,24.0,0.0,0.0,65,72,Dinner,0,3oz roasted,Duck,0.055944055944055944,0.0,0.0,0.22727272727272727,0.0,0.2517482517482518
Orange Sauce (1/4 cup for duck),Condiment,90,0.5,22.0,0.0,0.5,20.0,200,0,Dinner,0,1/4 cup for duck,Orange Sauce,0.005494505494505495,0.21978021978021978,22.0,2.197802197802198,0.021739130434782608,0.0
Wild Rice (1 cup cooked),Grain,166,6.5,35.0,0.6,3.0,1.2,5,0,Dinner,0,1 cup cooked,Wild Rice,0.038922155688622756,0.00718562874251497,21.875,0.029940119760479042,0.08333333333333333,0.0
Hot Sauce (1 tsp Tabasco),Condiment,0,0.0,0.0,0.0,0.0,0.0,35,0,Breakfast,0,1 tsp Tabasco,Hot Sauce,0.0,0.0,0.0,35.0,0.0,0.0
Bison Burger (1 patty),Protein/Meat,150,22.0,0.0,7.0,0.0,0.0,65,70,Lunch,250,1 patty,Bison Burger,0.1456953642384106,0.0,0.0,0.4304635761589404,0.0,0.46357615894039733
Pretzel Bun (1 medium),Grain,230,8.0,45.0,2.0,2.0,4.0,550,0,Lunch,0,1 medium,Pretzel Bun,0.03463203463203463,0.017316017316017316,15.0,2.380952380952381,0.043478260869565216,0.0
Spicy Mustard (1 tbsp),Condiment,10,0.5,1.0,0.5,0.5,0.0,120,0,Lunch,0,1 tbsp,Spicy Mustard,0.045454545454545456,0.0,0.6666666666666666,10.909090909090908,0.25,0.0
Pasta Salad (1 cup),Meal/Pasta,280,8.0,30.0,14.0,4.0,5.0,450,10,Lunch,0,1 cup,Pasta Salad,0.028469750889679714,0.017793594306049824,2.0,1.601423487544484,0.12903225806451613,0.03558718861209965
Salami (3 slices),Protein/Processed,110,6.0,1.0,9.0,0.0,0.5,500,30,Lunch,0,3 slices,Salami,0.05405405405405406,0.0045045045045045045,0.1,4.504504504504505,0.0,0.2702702702702703
Pepperoncini (2 peppers),Vegetable,10,0.5,2.0,0.0,1.0,1.0,350,0,Lunch,0,2 peppers,Pepperoncini,0.045454545454545456,0.09090909090909091,2.0,31.818181818181817,0.3333333333333333,0.0
Coconut Milk (1/4 cup canned),Condiment,111,1.1,2.9,11.6,0.5,1.5,8,0,Dinner,0,1/4 cup canned,Coconut Milk,0.009821428571428573,0.013392857142857142,0.23015873015873015,0.07142857142857142,0.12820512820512822,0.0
Green Curry Paste (1 tbsp),Condiment,30,0.5,2.0,2.5,1.0,1.0,400,0,Dinner,0,1 tbsp,Green Curry Paste,0.016129032258064516,0.03225806451612903,0.5714285714285714,12.903225806451612,0.3333333333333333,0.0
Chicken Thigh (1 roasted),Protein/Meat,210,24.0,0.0,13.0,0.0,0.0,90,120,Dinner,0,1 roasted,Chicken Thigh,0.11374407582938388,0.0,0.0,0.4265402843601896,0.0,0.5687203791469194
Jasmine Rice (1 cup cooked),Grain,205,4.3,45.0,0.4,0.6,0.0,2,0,Dinner,0,1 cup cooked,Jasmine Rice,0.02087378640776699,0.0,32.142857142857146,0.009708737864077669,0.013043478260869565,0.0
Macaroni Salad (1 cup),Meal/Pasta,380,8.0,30.0,25.0,3.0,6.0,750,20,Lunch,0,1 cup,Macaroni Salad,0.02099737532808399,0.015748031496062992,1.1538461538461537,1.968503937007874,0.0967741935483871,0.05249343832020997
Celery (1 stalk),Vegetable,6,0.3,1.2,0.1,0.6,0.5,32,0,Lunch,0,1 stalk,Celery,0.04285714285714286,0.07142857142857142,1.0909090909090908,4.571428571428571,0.2727272727272727,0.0
Acai Bowl (1 serving),Meal/Fruit,350,5.0,60.0,12.0,10.0,30.0,40,0,Breakfast,250,1 serving,Acai Bowl,0.014245014245014245,0.08547008547008547,4.615384615384615,0.11396011396011396,0.16393442622950818,0.0
Granola (1/4 cup topping),Grain,120,3.0,15.0,6.0,3.0,7.0,20,0,Breakfast,0,1/4 cup topping,Granola,0.024793388429752067,0.05785123966942149,2.142857142857143,0.1652892561983471,0.1875,0.0
Coconut Flakes (1 tbsp topping),Fruit,35,0.3,1.5,3.3,0.7,0.5,1,0,Breakfast,0,1 tbsp topping,Coconut Flakes,0.008333333333333333,0.013888888888888888,0.3488372093023256,0.027777777777777776,0.27999999999999997,0.0
Honey (1 tsp drizzle),Condiment,21,0.0,5.8,0.0,0.0,5.8,0,0,Breakfast,0,1 tsp drizzle,Honey,0.0,0.2636363636363636,5.8,0.0,0.0,0.0
Pork Bun (1 steamed),Meal/Processed,220,8.0,30.0,8.0,2.0,6.0,400,20,Lunch,0,1 steamed,Pork Bun,0.03619909502262444,0.027149321266968326,3.3333333333333335,1.8099547511312217,0.06451612903225806,0.09049773755656108
Dim Sum (Siu Mai 3 pcs),Meal/Processed,180,12.0,10.0,10.0,2.0,1.0,550,60,Lunch,0,Siu Mai 3 pcs,Dim Sum,0.06629834254143646,0.0055248618784530384,0.9090909090909091,3.0386740331491713,0.18181818181818182,0.3314917127071823
Soy Sauce (1 tbsp for dipping),Condiment,9,1.0,1.0,0.0,0.1,0.4,920,0,Lunch,0,1 tbsp for dipping,Soy Sauce,0.1,0.04,1.0,92.0,0.05,0.0
Oyster (1 medium raw),Protein/Seafood,8,1.0,0.5,0.2,0.0,0.0,50,10,Dinner,0,1 medium raw,Oyster,0.1111111111111111,0.0,0.4166666666666667,5.555555555555555,0.0,1.1111111111111112
Mignonette Sauce (1 tbsp),Condiment,5,0.0,1.0,0.0,0.0,0.5,30,0,Dinner,0,1 tbsp,Mignonette Sauce,0.0,0.08333333333333333,1.0,5.0,0.0,0.0
Beef Pho (1 large bowl),Meal/Soup,450,30.0,55.0,12.0,4.0,5.0,1500,60,Dinner,500,1 large bowl,Beef Pho,0.06651884700665188,0.011086474501108648,4.230769230769231,3.3259423503325944,0.07142857142857142,0.13303769401330376
Bean Sprouts (1/4 cup garnish),Vegetable,8,0.8,1.5,0.1,0.4,1.0,1,0,Dinner,0,1/4 cup garnish,Bean Sprouts,0.08888888888888889,0.1111111111111111,1.3636363636363635,0.1111111111111111,0.16,0.0
Thai Basil (garnish),Condiment,1,0.1,0.0,0.0,0.0,0.0,0,0,Dinner,0,garnish,Thai Basil,0.05,0.0,0.0,0.0,0.0,0.0
Lime Wedge (garnish),Condiment,3,0.1,1.0,0.0,0.3,0.2,0,0,Dinner,0,garnish,Lime Wedge,0.025,0.05,1.0,0.0,0.15,0.0
Jalapeno (1 tbsp sliced),Vegetable,4,0.1,0.8,0.1,0.4,0.5,1,0,Dinner,0,1 tbsp sliced,Jalapeno,0.02,0.1,0.7272727272727273,0.2,0.22222222222222224,0.0
Hoisin Sauce (1 tbsp),Condiment,35,0.3,8.0,0.2,0.1,5.0,220,0,Dinner,0,1 tbsp,Hoisin Sauce,0.008333333333333333,0.1388888888888889,6.666666666666667,6.111111111111111,0.011111111111111112,0.0
Sriracha (1 tsp),Condiment,5,0.1,1.0,0.1,0.1,0.8,80,0,Dinner,0,1 tsp,Sriracha,0.016666666666666666,0.13333333333333333,0.9090909090909091,13.333333333333334,0.05,0.0
Crepe (1 plain),Grain,90,3.5,14.0,2.0,0.5,3.0,100,25,Breakfast,0,1 plain,Crepe,0.038461538461538464,0.03296703296703297,4.666666666666667,1.098901098901099,0.03333333333333333,0.27472527472527475
Nutella (1 tbsp),Condiment,100,1.5,11.0,6.0,1.0,10.0,10,0,Breakfast,0,1 tbsp,Nutella,0.01485148514851485,0.09900990099009901,1.5714285714285714,0.09900990099009901,0.08333333333333333,0.0
Powdered Sugar (1 tsp),Condiment,10,0.0,2.5,0.0,0.0,2.5,0,0,Breakfast,0,1 tsp,Powdered Sugar,0.0,0.22727272727272727,2.5,0.0,0.0,0.0
Sake (3 oz),Beverage,117,0.4,3.8,0.0,0.0,0.0,4,0,Dinner,0,3 oz,Sake,0.0033898305084745766,0.0,3.8,0.03389830508474576,0.0,0.0
Biryani (Chicken 1.5 cups),Meal/Meat,520,28.0,60.0,18.0,5.0,6.0,900,75,Dinner,0,Chicken 1.5 cups,Biryani,0.053742802303262956,0.011516314779270634,3.1578947368421053,1.727447216890595,0.08196721311475409,0.14395393474088292
Raita (2 tbsp),Condiment/Dairy,30,1.0,2.0,2.0,0.5,1.5,100,5,Dinner,0,2 tbsp,Raita,0.03225806451612903,0.04838709677419355,0.6666666666666666,3.225806451612903,0.16666666666666666,0.16129032258064516
Kimchi Jjigae (1 bowl),Meal/Soup,350,15.0,20.0,22.0,5.0,6.0,1200,30,Dinner,500,1 bowl,Kimchi Jjigae,0.042735042735042736,0.017094017094017096,0.8695652173913043,3.4188034188034186,0.23809523809523808,0.08547008547008547
Silken Tofu (3oz in soup),Protein/Vegetarian,45,5.0,2.0,2.5,0.5,1.0,5,0,Dinner,0,3oz in soup,Silken Tofu,0.10869565217391304,0.021739130434782608,0.5714285714285714,0.10869565217391304,0.16666666666666666,0.0
Pork Belly (1 oz in soup),Protein/Meat,145,3.0,0.0,15.0,0.0,0.0,150,20,Dinner,0,1 oz in soup,Pork Belly,0.02054794520547945,0.0,0.0,1.0273972602739727,0.0,0.136986301369863
Gochugaru (1 tsp),Condiment,10,0.3,1.8,0.3,0.5,0.3,1,0,Dinner,0,1 tsp,Gochugaru,0.02727272727272727,0.02727272727272727,1.3846153846153846,0.09090909090909091,0.17857142857142858,0.0
Gochujang (1 tbsp),Condiment,30,0.5,6.0,0.0,0.5,4.0,200,0,Dinner,0,1 tbsp,Gochujang,0.016129032258064516,0.12903225806451613,6.0,6.451612903225806,0.07142857142857142,0.0
Sesame Oil (1 tsp),Condiment,40,0.0,0.0,4.5,0.0,0.0,0,0,Dinner,0,1 tsp,Sesame Oil,0.0,0.0,0.0,0.0,0.0,0.0
Fish Sauce (1 tsp),Condiment,5,0.4,0.5,0.0,0.0,0.4,450,0,Dinner,0,1 tsp,Fish Sauce,0.06666666666666667,0.06666666666666667,0.5,75.0,0.0,0.0
Green Onion (1 tbsp garnish),Vegetable,3,0.2,0.7,0.0,0.2,0.2,0,0,Dinner,0,1 tbsp garnish,Green Onion,0.05,0.05,0.7,0.0,0.11764705882352942,0.0
Beef Wellington (1 slice),Meal/Meat,600,30.0,35.0,38.0,4.0,4.0,850,100,Dinner,0,1 slice,Beef Wellington,0.04991680532445923,0.0066555740432612314,0.8974358974358975,1.4143094841930117,0.1111111111111111,0.16638935108153077
Pate (Mushroom 2 tbsp),Condiment,70,1.0,2.0,7.0,1.0,1.0,100,0,Dinner,0,Mushroom 2 tbsp,Pate,0.014084507042253521,0.014084507042253521,0.25,1.408450704225352,0.3333333333333333,0.0
Puff Pastry (1 oz wrapper),Grain,115,1.5,9.0,8.0,0.5,0.0,100,0,Dinner,0,1 oz wrapper,Puff Pastry,0.01293103448275862,0.0,1.0,0.8620689655172413,0.05,0.0
Prosciutto (1 slice),Protein/Meat,35,4.0,0.0,2.5,0.0,0.0,280,10,Dinner,0,1 slice,Prosciutto,0.1111111111111111,0.0,0.0,7.777777777777778,0.0,0.2777777777777778
Asparagus (6 spears roasted),Vegetable,40,4.0,4.0,2.0,3.0,2.0,150,0,Dinner,0,6 spears roasted,Asparagus,0.0975609756097561,0.04878048780487805,1.3333333333333333,3.658536585365854,0.6,0.0
Hollandaise Sauce (1 tbsp),Condiment,55,0.5,0.2,6.0,0.0,0.1,75,25,Dinner,0,1 tbsp,Hollandaise Sauce,0.008928571428571428,0.0017857142857142859,0.028571428571428574,1.3392857142857142,0.0,0.44642857142857145
Congee (1 cup plain),Meal/Grain,130,2.5,28.0,1.0,1.0,0.5,300,0,Breakfast,0,1 cup plain,Congee,0.019083969465648856,0.003816793893129771,14.0,2.2900763358778624,0.034482758620689655,0.0
Pickled Radish (1/4 cup),Vegetable,15,0.5,3.0,0.0,1.0,2.0,250,0,Breakfast,0,1/4 cup,Pickled Radish,0.03125,0.125,3.0,15.625,0.25,0.0
Pork Floss (1 tbsp),Protein/Meat,50,4.0,3.0,2.0,0.0,2.5,150,10,Breakfast,0,1 tbsp,Pork Floss,0.0784313725490196,0.049019607843137254,1.0,2.9411764705882355,0.0,0.19607843137254902
Century Egg (1 egg),Protein,100,7.0,1.0,7.0,0.0,0.5,300,200,Breakfast,0,1 egg,Century Egg,0.06930693069306931,0.0049504950495049506,0.125,2.9702970297029703,0.0,1.9801980198019802
Arugula (2 cups),Vegetable,10,1.0,0.8,0.2,0.4,0.4,6,0,Lunch,0,2 cups,Arugula,0.09090909090909091,0.03636363636363637,0.6666666666666667,0.5454545454545454,0.22222222222222224,0.0
Goat Cheese (1 oz),Dairy,103,6.1,0.1,8.5,0.0,0.1,146,22,Lunch,0,1 oz,Goat Cheese,0.058653846153846154,0.0009615384615384616,0.010526315789473684,1.4038461538461537,0.0,0.21153846153846154
Beets (1/2 cup roasted),Vegetable,30,0.8,6.8,0.1,1.4,5.8,50,0,Lunch,0,1/2 cup roasted,Beets,0.025806451612903226,0.1870967741935484,6.181818181818181,1.6129032258064515,0.1794871794871795,0.0
Walnuts (1 tbsp chopped),Nut,46,1.1,1.0,4.6,0.5,0.2,0,0,Lunch,0,1 tbsp chopped,Walnuts,0.02340425531914894,0.00425531914893617,0.17857142857142858,0.0,0.25,0.0
Balsamic Glaze (1 tbsp),Condiment,40,0.0,9.0,0.0,0.0,8.0,10,0,Lunch,0,1 tbsp,Balsamic Glaze,0.0,0.1951219512195122,9.0,0.24390243902439024,0.0,0.0
Bobotie (1 serving),Meal/Meat,450,25.0,30.0,25.0,5.0,15.0,700,150,Dinner,0,1 serving,Bobotie,0.05543237250554324,0.03325942350332594,1.1538461538461537,1.5521064301552105,0.16129032258064516,0.3325942350332594
Yellow Rice (1 cup),Grain,230,4.0,50.0,1.0,2.0,1.0,300,0,Dinner,0,1 cup,Yellow Rice,0.017316017316017316,0.004329004329004329,25.0,1.2987012987012987,0.0392156862745098,0.0
Chutney (Mango 1 tbsp),Condiment,45,0.1,11.0,0.1,0.5,10.0,180,0,Dinner,0,Mango 1 tbsp,Chutney,0.002173913043478261,0.21739130434782608,10.0,3.9130434782608696,0.041666666666666664,0.0
Paella (1.5 cups seafood),Meal/Rice,550,30.0,70.0,18.0,6.0,5.0,1200,110,Dinner,0,1.5 cups seafood,Paella,0.0544464609800363,0.009074410163339383,3.6842105263157894,2.1778584392014517,0.08450704225352113,0.1996370235934664
Chorizo (1 oz in paella),Protein/Meat,130,6.0,1.0,11.0,0.0,0.5,350,30,Dinner,0,1 oz in paella,Chorizo,0.04580152671755725,0.003816793893129771,0.08333333333333333,2.6717557251908395,0.0,0.22900763358778625
Saffron (pinch),Condiment,1,0.0,0.1,0.0,0.0,0.0,0,0,Dinner,0,pinch,Saffron,0.0,0.0,0.1,0.0,0.0,0.0
Aioli (Garlic 1 tbsp),Condiment,95,0.1,0.5,10.5,0.0,0.1,70,5,Dinner,0,Garlic 1 tbsp,Aioli,0.0010416666666666667,0.0010416666666666667,0.043478260869565216,0.7291666666666666,0.0,0.052083333333333336
Gazpacho (1 cup),Meal/Soup,90,2.0,12.0,4.0,3.0,7.0,600,0,Lunch,240,1 cup,Gazpacho,0.02197802197802198,0.07692307692307693,2.4,6.593406593406593,0.23076923076923078,0.0
Croutons (Garlic 1/4 cup),Grain,50,1.5,7.0,2.0,0.5,0.5,140,0,Lunch,0,Garlic 1/4 cup,Croutons,0.029411764705882353,0.00980392156862745,2.3333333333333335,2.7450980392156863,0.0625,0.0
Olive Oil (1 tsp garnish),Condiment,40,0.0,0.0,4.5,0.0,0.0,0,0,Lunch,0,1 tsp garnish,Olive Oil,0.0,0.0,0.0,0.0,0.0,0.0
Ceviche (1 cup fish),Meal/Fish,180,25.0,15.0,2.0,3.0,4.0,700,45,Lunch,0,1 cup fish,Ceviche,0.13812154696132597,0.022099447513812154,5.0,3.867403314917127,0.1875,0.24861878453038674
Red Onion (1/4 cup in ceviche),Vegetable,16,0.3,3.7,0.0,0.4,1.8,1,0,Lunch,0,1/4 cup in ceviche,Red Onion,0.01764705882352941,0.10588235294117647,3.7,0.058823529411764705,0.0851063829787234,0.0
Cilantro (2 tbsp garnish),Condiment,1,0.1,0.0,0.0,0.1,0.0,0,0,Lunch,0,2 tbsp garnish,Cilantro,0.05,0.0,0.0,0.0,0.1,0.0
Lomo Saltado (1.5 cups),Meal/Meat,500,35.0,45.0,22.0,5.0,6.0,1100,90,Dinner,0,1.5 cups,Lomo Saltado,0.06986027944111776,0.011976047904191617,1.9565217391304348,2.1956087824351296,0.10869565217391304,0.17964071856287425
French Fries (as side),Vegetable/Processed,200,2.0,25.0,10.0,2.0,0.2,130,0,Dinner,0,as side,French Fries,0.009950248756218905,0.0009950248756218907,2.272727272727273,0.6467661691542289,0.07692307692307693,0.0
Soy Sauce (1 tbsp in stir-fry),Condiment,9,1.0,1.0,0.0,0.1,0.4,920,0,Dinner,0,1 tbsp in stir-fry,Soy Sauce,0.1,0.04,1.0,92.0,0.05,0.0
Aji Amarillo Paste (1 tsp),Condiment,5,0.1,1.0,0.0,0.5,0.5,50,0,Dinner,0,1 tsp,Aji Amarillo Paste,0.016666666666666666,0.08333333333333333,1.0,8.333333333333334,0.25,0.0
Mate (1 cup),Beverage,5,0.2,1.0,0.0,0.0,0.0,2,0,Breakfast,240,1 cup,Mate,0.03333333333333333,0.0,1.0,0.3333333333333333,0.0,0.0
Media Luna (1 pastry),Grain,190,4.0,25.0,8.0,1.0,9.0,150,25,Breakfast,0,1 pastry,Media Luna,0.020942408376963352,0.04712041884816754,2.7777777777777777,0.7853403141361257,0.038461538461538464,0.13089005235602094
Chimichurri (1 tbsp),Condiment,45,0.1,0.5,4.5,0.2,0.1,100,0,Dinner,0,1 tbsp,Chimichurri,0.002173913043478261,0.002173913043478261,0.09090909090909091,2.1739130434782608,0.13333333333333333,0.0
Skirt Steak (4oz grilled),Protein/Meat,240,26.0,0.0,15.0,0.0,0.0,70,80,Dinner,0,4oz grilled,Skirt Steak,0.1078838174273859,0.0,0.0,0.29045643153526973,0.0,0.33195020746887965
Provoleta (1 oz grilled cheese),Dairy,100,7.0,1.0,8.0,0.0,0.5,250,20,Dinner,0,1 oz grilled cheese,Provoleta,0.06930693069306931,0.0049504950495049506,0.1111111111111111,2.4752475247524752,0.0,0.19801980198019803
Oregano (1 tsp),Condiment,3,0.1,0.7,0.0,0.2,0.0,0,0,Dinner,0,1 tsp,Oregano,0.025,0.0,0.7,0.0,0.11764705882352942,0.0
Empanada (Beef 1 medium),Meal/Processed,290,10.0,28.0,16.0,3.0,3.0,550,30,Lunch,0,Beef 1 medium,Empanada,0.03436426116838488,0.010309278350515464,1.6470588235294117,1.8900343642611683,0.10344827586206896,0.10309278350515463
Chicken Milanesa (1 serving),Meal/Meat,450,35.0,30.0,22.0,3.0,2.0,700,100,Dinner,0,1 serving,Chicken Milanesa,0.07760532150776053,0.004434589800443459,1.3043478260869565,1.5521064301552105,0.0967741935483871,0.22172949002217296
Mashed Potatoes (side),Vegetable,150,3.0,25.0,4.0,2.0,2.0,300,10,Dinner,0,side,Mashed Potatoes,0.019867549668874173,0.013245033112582781,5.0,1.9867549668874172,0.07692307692307693,0.06622516556291391
Choripan (1 sandwich),Meal/Processed,550,20.0,40.0,35.0,3.0,4.0,1100,80,Lunch,250,1 sandwich,Choripan,0.036297640653357534,0.007259528130671506,1.1111111111111112,1.9963702359346642,0.07317073170731707,0.14519056261343014
Baguette (slice),Grain,70,2.5,14.0,0.5,0.6,0.5,150,0,Lunch,0,slice,Baguette,0.035211267605633804,0.007042253521126761,9.333333333333334,2.112676056338028,0.04,0.0
Chimichurri (1 tbsp),Condiment,45,0.1,0.5,4.5,0.2,0.1,100,0,Lunch,0,1 tbsp,Chimichurri,0.002173913043478261,0.002173913043478261,0.09090909090909091,2.1739130434782608,0.13333333333333333,0.0
Pizza (Margherita 1 slice),Meal/Processed,250,12.0,30.0,10.0,3.0,4.0,600,25,Dinner,250,Margherita 1 slice,Pizza,0.04780876494023904,0.01593625498007968,2.727272727272727,2.3904382470119523,0.0967741935483871,0.099601593625498
Fresh Mozzarella (1 oz),Dairy,72,5.0,0.8,5.0,0.0,0.3,138,22,Dinner,0,1 oz,Fresh Mozzarella,0.0684931506849315,0.00410958904109589,0.13333333333333333,1.8904109589041096,0.0,0.3013698630136986
Basil (2 tbsp fresh),Condiment,1,0.1,0.1,0.0,0.1,0.0,0,0,Dinner,0,2 tbsp fresh,Basil,0.05,0.0,0.1,0.0,0.09090909090909091,0.0
Carbonara (1.5 cups),Meal/Pasta,650,25.0,60.0,35.0,4.0,4.0,900,250,Dinner,0,1.5 cups,Carbonara,0.03840245775729647,0.006144393241167435,1.6666666666666667,1.3824884792626728,0.06557377049180328,0.38402457757296465
Guanciale (1 oz),Protein/Meat,170,3.0,0.0,18.0,0.0,0.0,450,35,Dinner,0,1 oz,Guanciale,0.017543859649122806,0.0,0.0,2.6315789473684212,0.0,0.2046783625730994
Pecorino Cheese (1 tbsp),Dairy,25,1.5,0.1,2.0,0.0,0.0,110,6,Dinner,0,1 tbsp,Pecorino Cheese,0.057692307692307696,0.0,0.03333333333333333,4.230769230769231,0.0,0.23076923076923078
Black Pepper (1/4 tsp),Condiment,1,0.0,0.2,0.0,0.1,0.0,0,0,Dinner,0,1/4 tsp,Black Pepper,0.0,0.0,0.2,0.0,0.08333333333333334,0.0
Egg Yolk (1 large in sauce),Protein,55,2.7,0.6,4.5,0.0,0.3,8,184,Dinner,0,1 large in sauce,Egg Yolk,0.048214285714285716,0.005357142857142857,0.10909090909090909,0.14285714285714285,0.0,3.2857142857142856
Tagliatelle al Ragù (Bolognese),Meal/Pasta,550,28.0,65.0,20.0,7.0,8.0,850,70,Dinner,500,Bolognese,Tagliatelle al Ragù,0.050816696914700546,0.014519056261343012,3.0952380952380953,1.5426497277676952,0.10606060606060606,0.12704174228675136
Ground Beef (2 oz in sauce),Protein/Meat,140,11.0,0.0,10.0,0.0,0.0,40,35,Dinner,0,2 oz in sauce,Ground Beef,0.07801418439716312,0.0,0.0,0.28368794326241137,0.0,0.24822695035460993
Pancetta (0.5 oz in sauce),Protein/Meat,45,1.5,0.0,4.5,0.0,0.0,160,10,Dinner,0,0.5 oz in sauce,Pancetta,0.03260869565217391,0.0,0.0,3.4782608695652173,0.0,0.21739130434782608
Carrot (1/4 minced in sauce),Vegetable,10,0.2,2.4,0.1,0.7,1.2,17,0,Dinner,0,1/4 minced in sauce,Carrot,0.018181818181818184,0.10909090909090909,2.1818181818181817,1.5454545454545454,0.20588235294117646,0.0
Celery (1/4 stalk minced),Vegetable,2,0.1,0.4,0.0,0.2,0.2,12,0,Dinner,0,1/4 stalk minced,Celery,0.03333333333333333,0.06666666666666667,0.4,4.0,0.14285714285714288,0.0
Onion (1/8 minced in sauce),Vegetable,5,0.1,1.2,0.0,0.2,0.6,1,0,Dinner,0,1/8 minced in sauce,Onion,0.016666666666666666,0.09999999999999999,1.2,0.16666666666666666,0.09090909090909091,0.0
Crushed Tomatoes (1/2 cup sauce),Vegetable,20,1.0,4.0,0.0,1.5,3.0,200,0,Dinner,0,1/2 cup sauce,Crushed Tomatoes,0.047619047619047616,0.14285714285714285,4.0,9.523809523809524,0.3,0.0
Parmigiano-Reggiano (1 tbsp),Dairy,22,2.0,0.2,1.5,0.0,0.0,95,4,Dinner,0,1 tbsp,Parmigiano-Reggiano,0.08695652173913043,0.0,0.08,4.130434782608695,0.0,0.17391304347826086
Focaccia (1 square),Grain,250,8.0,40.0,7.0,2.0,2.0,500,0,Lunch,0,1 square,Focaccia,0.03187250996015936,0.00796812749003984,5.0,1.9920318725099602,0.04878048780487805,0.0
Rosemary (1 tsp topping),Condiment,1,0.0,0.2,0.0,0.1,0.0,0,0,Lunch,0,1 tsp topping,Rosemary,0.0,0.0,0.2,0.0,0.08333333333333334,0.0
Coarse Salt (garnish),Condiment,0,0.0,0.0,0.0,0.0,0.0,200,0,Lunch,0,garnish,Coarse Salt,0.0,0.0,0.0,200.0,0.0,0.0
Olive Oil (1 tbsp drizzle),Condiment,120,0.0,0.0,14.0,0.0,0.0,0,0,Lunch,0,1 tbsp drizzle,Olive Oil,0.0,0.0,0.0,0.0,0.0,0.0
Ribollita (1.5 cups soup),Meal/Soup,350,15.0,55.0,8.0,14.0,10.0,900,5,Dinner,500,1.5 cups soup,Ribollita,0.042735042735042736,0.02849002849002849,6.111111111111111,2.5641025641025643,0.25,0.014245014245014245
Cannellini Beans (1/2 cup in soup),Legume,105,7.0,20.0,0.5,6.0,1.0,230,0,Dinner,0,1/2 cup in soup,Cannellini Beans,0.0660377358490566,0.009433962264150943,13.333333333333334,2.169811320754717,0.2857142857142857,0.0
Kale (1 cup in soup),Vegetable,33,2.9,6.0,0.6,2.0,1.0,29,0,Dinner,0,1 cup in soup,Kale,0.08529411764705883,0.029411764705882353,3.75,0.8529411764705882,0.2857142857142857,0.0
Stale Bread (1/2 cup in soup),Grain,80,3.0,15.0,1.0,1.0,1.5,160,0,Dinner,0,1/2 cup in soup,Stale Bread,0.037037037037037035,0.018518518518518517,7.5,1.9753086419753085,0.0625,0.0
Polenta (1 cup creamy),Meal/Grain,150,3.0,32.0,1.0,3.0,1.0,350,5,Dinner,0,1 cup creamy,Polenta,0.019867549668874173,0.006622516556291391,16.0,2.3178807947019866,0.09090909090909091,0.033112582781456956
Gorgonzola Cheese (1 oz),Dairy,100,6.0,0.7,8.0,0.0,0.1,325,21,Dinner,0,1 oz,Gorgonzola Cheese,0.0594059405940594,0.0009900990099009901,0.07777777777777778,3.217821782178218,0.0,0.2079207920792079
Osso Buco (1 serving),Meal/Meat,550,45.0,15.0,30.0,4.0,6.0,900,150,Dinner,0,1 serving,Osso Buco,0.08166969147005444,0.010889292196007259,0.4838709677419355,1.633393829401089,0.25,0.27223230490018147
Gremolata (1 tbsp),Condiment,15,0.5,1.0,1.0,0.5,0.5,5,0,Dinner,0,1 tbsp,Gremolata,0.03125,0.03125,0.5,0.3125,0.25,0.0
Risotto alla Milanese (1 cup),Meal/Rice,350,10.0,50.0,12.0,3.0,3.0,700,30,Dinner,0,1 cup,Risotto alla Milanese,0.02849002849002849,0.008547008547008548,3.8461538461538463,1.9943019943019944,0.058823529411764705,0.08547008547008547
Saffron (pinch in risotto),Condiment,1,0.0,0.1,0.0,0.0,0.0,0,0,Dinner,0,pinch in risotto,Saffron,0.0,0.0,0.1,0.0,0.0,0.0
Saltimbocca (1 serving),Meal/Meat,380,38.0,5.0,22.0,0.5,1.0,850,120,Dinner,0,1 serving,Saltimbocca,0.09973753280839895,0.0026246719160104987,0.21739130434782608,2.2309711286089238,0.08333333333333333,0.31496062992125984
Prosciutto (1 slice wrapper),Protein/Meat,35,4.0,0.0,2.5,0.0,0.0,280,10,Dinner,0,1 slice wrapper,Prosciutto,0.1111111111111111,0.0,0.0,7.777777777777778,0.0,0.2777777777777778
Sage (2 leaves),Condiment,1,0.0,0.1,0.0,0.1,0.0,0,0,Dinner,0,2 leaves,Sage,0.0,0.0,0.1,0.0,0.09090909090909091,0.0
White Wine Sauce (1/4 cup),Condiment,80,1.0,4.0,6.0,0.5,2.0,300,5,Dinner,0,1/4 cup,White Wine Sauce,0.012345679012345678,0.024691358024691357,0.5714285714285714,3.7037037037037037,0.1,0.06172839506172839
Polenta (grilled 1 slice),Meal/Grain,120,2.5,25.0,1.0,2.0,0.5,300,0,Dinner,0,grilled 1 slice,Polenta,0.02066115702479339,0.004132231404958678,12.5,2.479338842975207,0.07692307692307693,0.0
Caponata (1/2 cup),Meal/Vegetable,180,2.0,15.0,14.0,5.0,9.0,400,0,Dinner,0,1/2 cup,Caponata,0.011049723756906077,0.049723756906077346,1.0,2.2099447513812156,0.3125,0.0
Eggplant (1/2 cup in caponata),Vegetable,40,0.5,6.0,2.0,2.0,3.0,150,0,Dinner,0,1/2 cup in caponata,Eggplant,0.012195121951219513,0.07317073170731707,2.0,3.658536585365854,0.2857142857142857,0.0
Pine Nuts (1/2 tbsp),Nut,48,1.0,1.0,5.0,0.2,0.2,0,0,Dinner,0,1/2 tbsp,Pine Nuts,0.02040816326530612,0.004081632653061225,0.16666666666666666,0.0,0.1,0.0
Raisins (1 tbsp),Fruit,27,0.3,7.0,0.0,0.3,6.0,1,0,Dinner,0,1 tbsp,Raisins,0.010714285714285714,0.21428571428571427,7.0,0.03571428571428571,0.0375,0.0
Cacio e Pepe (1.5 cups),Meal/Pasta,500,18.0,65.0,19.0,4.0,3.0,700,50,Dinner,0,1.5 cups,Cacio e Pepe,0.03592814371257485,0.005988023952095809,3.25,1.3972055888223553,0.06060606060606061,0.0998003992015968
Pecorino Romano (1/4 cup),Dairy,110,7.5,1.0,8.5,0.0,0.0,450,25,Dinner,0,1/4 cup,Pecorino Romano,0.06756756756756757,0.0,0.10526315789473684,4.054054054054054,0.0,0.22522522522522523
Black Pepper (1/2 tsp),Condiment,3,0.1,0.7,0.0,0.3,0.0,0,0,Dinner,0,1/2 tsp,Black Pepper,0.025,0.0,0.7,0.0,0.17647058823529413,0.0
Fiorentina Steak (3oz portion),Protein/Meat,230,24.0,0.0,15.0,0.0,0.0,60,75,Dinner,0,3oz portion,Fiorentina Steak,0.1038961038961039,0.0,0.0,0.2597402597402597,0.0,0.3246753246753247
Olive Oil (1 tbsp drizzle),Condiment,120,0.0,0.0,14.0,0.0,0.0,0,0,Dinner,0,1 tbsp drizzle,Olive Oil,0.0,0.0,0.0,0.0,0.0,0.0
Rosemary (garnish),Condiment,1,0.0,0.2,0.0,0.1,0.0,0,0,Dinner,0,garnish,Rosemary,0.0,0.0,0.2,0.0,0.08333333333333334,0.0
White Beans (Tuscan style 1/2 cup),Legume,150,8.0,20.0,4.0,7.0,2.0,350,0,Dinner,0,Tuscan style 1/2 cup,White Beans,0.052980132450331126,0.013245033112582781,4.0,2.3178807947019866,0.3333333333333333,0.0
Garlic (1 clove in beans),Vegetable,4,0.2,0.9,0.0,0.1,0.0,1,0,Dinner,0,1 clove in beans,Garlic,0.04,0.0,0.9,0.2,0.052631578947368425,0.0
Sage (in beans),Condiment,1,0.0,0.1,0.0,0.1,0.0,0,0,Dinner,0,in beans,Sage,0.0,0.0,0.1,0.0,0.09090909090909091,0.0
Vitello Tonnato (1 serving),Meal/Meat,380,35.0,3.0,25.0,0.5,1.0,600,110,Lunch,0,1 serving,Vitello Tonnato,0.09186351706036745,0.0026246719160104987,0.11538461538461539,1.5748031496062993,0.125,0.2887139107611549
Tuna Sauce (2 tbsp),Condiment,100,4.0,1.0,9.0,0.0,0.5,200,15,Lunch,0,2 tbsp,Tuna Sauce,0.039603960396039604,0.0049504950495049506,0.1,1.9801980198019802,0.0,0.1485148514851485
Capers (garnish),Condiment,2,0.2,0.4,0.1,0.3,0.1,200,0,Lunch,0,garnish,Capers,0.06666666666666667,0.03333333333333333,0.36363636363636365,66.66666666666667,0.2142857142857143,0.0
Lemon Slice (garnish),Condiment,1,0.0,0.3,0.0,0.1,0.1,0,0,Lunch,0,garnish,Lemon Slice,0.0,0.05,0.3,0.0,0.07692307692307693,0.0
Gnocchi alla Sorrentina (1.5 cups),Meal/Pasta,450,15.0,60.0,18.0,6.0,9.0,800,40,Dinner,0,1.5 cups,Gnocchi alla Sorrentina,0.03325942350332594,0.019955654101995565,3.1578947368421053,1.7738359201773837,0.09836065573770492,0.08869179600886919
Tomato Sauce (1/2 cup),Condiment,40,1.5,7.0,1.0,2.0,4.0,350,0,Dinner,0,1/2 cup,Tomato Sauce,0.036585365853658534,0.0975609756097561,3.5,8.536585365853659,0.25,0.0
Mozzarella (1 oz melted),Dairy,80,6.0,1.0,6.0,0.0,0.5,150,20,Dinner,0,1 oz melted,Mozzarella,0.07407407407407407,0.006172839506172839,0.14285714285714285,1.8518518518518519,0.0,0.24691358024691357
Basil (fresh garnish),Condiment,1,0.1,0.0,0.0,0.1,0.0,0,0,Dinner,0,fresh garnish,Basil,0.05,0.0,0.0,0.0,0.1,0.0
Parmigiano-Reggiano (1 tbsp),Dairy,22,2.0,0.2,1.5,0.0,0.0,95,4,Dinner,0,1 tbsp,Parmigiano-Reggiano,0.08695652173913043,0.0,0.08,4.130434782608695,0.0,0.17391304347826086
Pesto (1/4 cup),Condiment,290,5.0,4.0,29.0,2.0,1.0,600,5,Dinner,0,1/4 cup,Pesto,0.01718213058419244,0.003436426116838488,0.13333333333333333,2.0618556701030926,0.4,0.01718213058419244
Pine Nuts (1 tbsp in pesto),Nut,95,2.0,2.0,10.0,0.5,0.5,0,0,Dinner,0,1 tbsp in pesto,Pine Nuts,0.020833333333333332,0.005208333333333333,0.18181818181818182,0.0,0.16666666666666666,0.0
Garlic (1/2 clove in pesto),Vegetable,2,0.1,0.5,0.0,0.0,0.0,0,0,Dinner,0,1/2 clove in pesto,Garlic,0.03333333333333333,0.0,0.5,0.0,0.0,0.0
Trofie Pasta (1 cup cooked),Grain,210,7.0,43.0,1.0,2.0,1.0,5,0,Dinner,0,1 cup cooked,Trofie Pasta,0.03317535545023697,0.004739336492890996,21.5,0.023696682464454975,0.045454545454545456,0.0
Green Beans (1/2 cup w/ pasta),Vegetable,15,0.9,3.5,0.1,1.3,1.6,3,0,Dinner,0,1/2 cup w/ pasta,Green Beans,0.05625,0.1,3.1818181818181817,0.1875,0.2888888888888889,0.0
Potato (1/2 w/ pasta),Vegetable,65,1.0,15.0,0.1,1.0,0.5,3,0,Dinner,0,1/2 w/ pasta,Potato,0.015151515151515152,0.007575757575757576,13.636363636363635,0.045454545454545456,0.0625,0.0
Falafel (3 pieces),Meal/Vegetarian,180,6.0,18.0,9.0,4.0,1.0,320,0,Lunch,0,3 pieces,Falafel,0.03314917127071823,0.0055248618784530384,1.8,1.7679558011049723,0.21052631578947367,0.0
Tahini Sauce (1 tbsp),Condiment,30,1.0,1.5,2.5,0.5,0.0,45,0,Lunch,0,1 tbsp,Tahini Sauce,0.03225806451612903,0.0,0.42857142857142855,1.4516129032258065,0.2,0.0
Pickled Turnips (2 tbsp),Vegetable,10,0.2,2.0,0.0,0.5,1.0,200,0,Lunch,0,2 tbsp,Pickled Turnips,0.018181818181818184,0.09090909090909091,2.0,18.181818181818183,0.16666666666666666,0.0
Shawarma (Chicken 1 wrap),Meal/Processed,550,30.0,50.0,25.0,6.0,5.0,1100,80,Lunch,250,Chicken 1 wrap,Shawarma,0.0544464609800363,0.009074410163339383,1.9230769230769231,1.9963702359346642,0.11764705882352941,0.14519056261343014
Garlic Sauce (1 tbsp),Condiment,90,0.1,1.0,10.0,0.0,0.5,80,5,Lunch,0,1 tbsp,Garlic Sauce,0.001098901098901099,0.005494505494505495,0.09090909090909091,0.8791208791208791,0.0,0.054945054945054944
Hummus (1/4 cup),Legume,130,5.0,10.0,8.0,4.0,1.0,250,0,Lunch,0,1/4 cup,Hummus,0.03816793893129771,0.007633587786259542,1.1111111111111112,1.9083969465648856,0.36363636363636365,0.0
Tabouli (1/2 cup),Meal/Vegetarian,120,3.0,15.0,6.0,4.0,2.0,300,0,Lunch,0,1/2 cup,Tabouli,0.024793388429752067,0.01652892561983471,2.142857142857143,2.479338842975207,0.25,0.0
Bulgur (1/4 cup in tabouli),Grain,76,2.7,16.8,0.2,4.1,0.1,4,0,Lunch,0,1/4 cup in tabouli,Bulgur,0.03506493506493507,0.0012987012987012987,14.000000000000002,0.05194805194805195,0.23033707865168537,0.0
Parsley (1/4 cup in tabouli),Vegetable,5,0.3,1.0,0.1,0.5,0.1,5,0,Lunch,0,1/4 cup in tabouli,Parsley,0.049999999999999996,0.016666666666666666,0.9090909090909091,0.8333333333333334,0.25,0.0
Mint (1 tbsp in tabouli),Condiment,1,0.1,0.1,0.0,0.1,0.0,0,0,Lunch,0,1 tbsp in tabouli,Mint,0.05,0.0,0.1,0.0,0.09090909090909091,0.0
Lemon Juice (1 tbsp dressing),Condiment,4,0.1,1.3,0.0,0.1,0.2,0,0,Lunch,0,1 tbsp dressing,Lemon Juice,0.02,0.04,1.3,0.0,0.04347826086956522,0.0
Olive Oil (1 tbsp dressing),Condiment,120,0.0,0.0,14.0,0.0,0.0,0,0,Lunch,0,1 tbsp dressing,Olive Oil,0.0,0.0,0.0,0.0,0.0,0.0
Lentil Soup (1 cup Middle Eastern),Meal/Legume,200,10.0,30.0,5.0,10.0,4.0,700,0,Lunch,250,1 cup Middle Eastern,Lentil Soup,0.04975124378109453,0.01990049751243781,5.0,3.482587064676617,0.3225806451612903,0.0
Cumin (1 tsp),Condiment,8,0.3,1.5,0.5,0.4,0.1,3,0,Lunch,0,1 tsp,Cumin,0.03333333333333333,0.011111111111111112,1.0,0.3333333333333333,0.16,0.0
Coriander (1 tsp),Condiment,5,0.1,1.0,0.2,0.5,0.0,1,0,Lunch,0,1 tsp,Coriander,0.016666666666666666,0.0,0.8333333333333334,0.16666666666666666,0.25,0.0
Lemon Juice (1 tsp in soup),Condiment,1,0.0,0.4,0.0,0.0,0.1,0,0,Lunch,0,1 tsp in soup,Lemon Juice,0.0,0.05,0.4,0.0,0.0,0.0
Pita Crisps (1 oz),Snack/Processed,130,3.0,18.0,5.0,2.0,1.0,240,0,Lunch,0,1 oz,Pita Crisps,0.022900763358778626,0.007633587786259542,3.0,1.83206106870229,0.10526315789473684,0.0
Manakeesh (Za'atar 1 small),Meal/Vegetarian,300,7.0,45.0,10.0,4.0,2.0,500,0,Breakfast,0,Za'atar 1 small,Manakeesh,0.023255813953488372,0.006644518272425249,4.090909090909091,1.6611295681063123,0.08695652173913043,0.0
Za'atar (1 tbsp),Condiment,40,1.0,3.0,3.0,1.5,0.0,150,0,Breakfast,0,1 tbsp,Za'atar,0.024390243902439025,0.0,0.75,3.658536585365854,0.375,0.0
Olive Oil (1 tbsp on bread),Condiment,120,0.0,0.0,14.0,0.0,0.0,0,0,Breakfast,0,1 tbsp on bread,Olive Oil,0.0,0.0,0.0,0.0,0.0,0.0
Labneh (2 tbsp),Dairy,60,4.0,2.0,4.0,0.0,2.0,80,15,Breakfast,0,2 tbsp,Labneh,0.06557377049180328,0.03278688524590164,0.4,1.3114754098360655,0.0,0.2459016393442623
Cucumber (1/4 cup side),Vegetable,8,0.3,1.8,0.0,0.2,0.8,1,0,Breakfast,0,1/4 cup side,Cucumber,0.03333333333333333,0.08888888888888889,1.8,0.1111111111111111,0.07142857142857144,0.0
Tomato (1/4 cup side),Vegetable,8,0.3,1.8,0.1,0.5,1.2,2,0,Breakfast,0,1/4 cup side,Tomato,0.03333333333333333,0.13333333333333333,1.6363636363636362,0.2222222222222222,0.17857142857142858,0.0
Olives (5 side),Fruit,35,0.2,1.0,3.5,0.5,0.0,210,0,Breakfast,0,5 side,Olives,0.005555555555555556,0.0,0.2222222222222222,5.833333333333333,0.25,0.0
Mint Tea (1 cup),Beverage,2,0.1,0.5,0.0,0.0,0.0,5,0,Breakfast,240,1 cup,Mint Tea,0.03333333333333333,0.0,0.5,1.6666666666666667,0.0,0.0
Shish Tawook (2 skewers),Meal/Meat,300,35.0,5.0,16.0,1.0,2.0,600,100,Dinner,0,2 skewers,Shish Tawook,0.11627906976744186,0.006644518272425249,0.29411764705882354,1.9933554817275747,0.16666666666666666,0.33222591362126247
Garlic Sauce (Toum 1 tbsp),Condiment,90,0.1,1.0,10.0,0.0,0.5,80,5,Dinner,0,Toum 1 tbsp,Garlic Sauce,0.001098901098901099,0.005494505494505495,0.09090909090909091,0.8791208791208791,0.0,0.054945054945054944
French Fries (side),Vegetable/Processed,340,4.0,44.0,17.0,4.0,0.3,230,0,Dinner,0,side,French Fries,0.011730205278592375,0.0008797653958944282,2.4444444444444446,0.6744868035190615,0.08888888888888889,0.0
Pickled Cucumber (1/4 cup),Vegetable,10,0.5,2.0,0.0,1.0,1.0,300,0,Dinner,0,1/4 cup,Pickled Cucumber,0.045454545454545456,0.09090909090909091,2.0,27.272727272727273,0.3333333333333333,0.0
Fattoush Salad (1.5 cups),Meal/Vegetarian,250,5.0,25.0,15.0,6.0,5.0,500,0,Lunch,0,1.5 cups,Fattoush Salad,0.0199203187250996,0.0199203187250996,1.5625,1.9920318725099602,0.23076923076923078,0.0
Fried Pita (1/2 pita in salad),Grain,80,2.0,12.0,3.0,1.0,0.5,150,0,Lunch,0,1/2 pita in salad,Fried Pita,0.024691358024691357,0.006172839506172839,3.0,1.8518518518518519,0.07692307692307693,0.0
Sumac (1/2 tsp dressing),Condiment,5,0.1,1.0,0.2,0.5,0.0,1,0,Lunch,0,1/2 tsp dressing,Sumac,0.016666666666666666,0.0,0.8333333333333334,0.16666666666666666,0.25,0.0
Pomegranate Molasses (1 tsp),Condiment,15,0.0,4.0,0.0,0.0,4.0,0,0,Lunch,0,1 tsp,Pomegranate Molasses,0.0,0.25,4.0,0.0,0.0,0.0
